REF_AREA,Reference area,Measure,SECTOR,Institutional sector,Revenue category,Unit of measure,Frequency of observation,TIME_PERIOD,OBS_VALUE
PRT,Portugal,Tax revenue,S13,General government,Total tax revenue,Percentage of GDP,Annual,2022,36.014
PRT,Portugal,Tax revenue,S13,General government,Total tax revenue,Percentage of GDP,Annual,2021,35.183
PRT,Portugal,Tax revenue,S13,General government,Total tax revenue,Percentage of GDP,Annual,2020,35.164
PRT,Portugal,Tax revenue,S13,General government,Total tax revenue,Percentage of GDP,Annual,2019,34.498
PRT,Portugal,Tax revenue,S13,General government,Total tax revenue,Percentage of GDP,Annual,2018,34.656
PRT,Portugal,Tax revenue,S13,General government,Total tax revenue,Percentage of GDP,Annual,2017,34.112
PRT,Portugal,Tax revenue,S13,General government,Total tax revenue,Percentage of GDP,Annual,2016,34.051
PRT,Portugal,Tax revenue,S13,General government,Total tax revenue,Percentage of GDP,Annual,2015,34.382
PRT,Portugal,Tax revenue,S13,General government,Total tax revenue,Percentage of GDP,Annual,2014,34.182
UGA,Uganda,Tax revenue,S13,General government,Total tax revenue,Percentage of GDP,Annual,2022,12.503
UGA,Uganda,Tax revenue,S13,General government,Total tax revenue,Percentage of GDP,Annual,2021,12.535
UGA,Uganda,Tax revenue,S13,General government,Total tax revenue,Percentage of GDP,Annual,2020,11.391
UGA,Uganda,Tax revenue,S13,General government,Total tax revenue,Percentage of GDP,Annual,2019,12.082
UGA,Uganda,Tax revenue,S13,General government,Total tax revenue,Percentage of GDP,Annual,2018,11.674
UGA,Uganda,Tax revenue,S13,General government,Total tax revenue,Percentage of GDP,Annual,2017,11.424
UGA,Uganda,Tax revenue,S13,General government,Total tax revenue,Percentage of GDP,Annual,2016,10.978
UGA,Uganda,Tax revenue,S13,General government,Total tax revenue,Percentage of GDP,Annual,2015,10.388
UGA,Uganda,Tax revenue,S13,General government,Total tax revenue,Percentage of GDP,Annual,2014,9.271
DOM,Dominican Republic,Tax revenue,S13,General government,Total tax revenue,Percentage of GDP,Annual,2022,13.935
DOM,Dominican Republic,Tax revenue,S13,General government,Total tax revenue,Percentage of GDP,Annual,2021,14.486
DOM,Dominican Republic,Tax revenue,S13,General government,Total tax revenue,Percentage of GDP,Annual,2020,12.485
DOM,Dominican Republic,Tax revenue,S13,General government,Total tax revenue,Percentage of GDP,Annual,2019,13.405
DOM,Dominican Republic,Tax revenue,S13,General government,Total tax revenue,Percentage of GDP,Annual,2018,13.123
DOM,Dominican Republic,Tax revenue,S13,General government,Total tax revenue,Percentage of GDP,Annual,2017,13.123
DOM,Dominican Republic,Tax revenue,S13,General government,Total tax revenue,Percentage of GDP,Annual,2016,12.989
DOM,Dominican Republic,Tax revenue,S13,General government,Total tax revenue,Percentage of GDP,Annual,2015,12.911
DOM,Dominican Republic,Tax revenue,S13,General government,Total tax revenue,Percentage of GDP,Annual,2014,13.422
MDV,Maldives,Tax revenue,S13,General government,Total tax revenue,Percentage of GDP,Annual,2022,20.425
MDV,Maldives,Tax revenue,S13,General government,Total tax revenue,Percentage of GDP,Annual,2021,18.072
MDV,Maldives,Tax revenue,S13,General government,Total tax revenue,Percentage of GDP,Annual,2020,19.035
MDV,Maldives,Tax revenue,S13,General government,Total tax revenue,Percentage of GDP,Annual,2019,18.607
MDV,Maldives,Tax revenue,S13,General government,Total tax revenue,Percentage of GDP,Annual,2018,18.887
MDV,Maldives,Tax revenue,S13,General government,Total tax revenue,Percentage of GDP,Annual,2017,19.729
MDV,Maldives,Tax revenue,S13,General government,Total tax revenue,Percentage of GDP,Annual,2016,19.441
MDV,Maldives,Tax revenue,S13,General government,Total tax revenue,Percentage of GDP,Annual,2015,19.154
MDV,Maldives,Tax revenue,S13,General government,Total tax revenue,Percentage of GDP,Annual,2014,18.835
GBR,United Kingdom,Tax revenue,S13,General government,Total tax revenue,Percentage of GDP,Annual,2022,35.42
GBR,United Kingdom,Tax revenue,S13,General government,Total tax revenue,Percentage of GDP,Annual,2021,34.227
GBR,United Kingdom,Tax revenue,S13,General government,Total tax revenue,Percentage of GDP,Annual,2020,32.812
GBR,United Kingdom,Tax revenue,S13,General government,Total tax revenue,Percentage of GDP,Annual,2019,32.49
GBR,United Kingdom,Tax revenue,S13,General government,Total tax revenue,Percentage of GDP,Annual,2018,32.768
GBR,United Kingdom,Tax revenue,S13,General government,Total tax revenue,Percentage of GDP,Annual,2017,32.733
GBR,United Kingdom,Tax revenue,S13,General government,Total tax revenue,Percentage of GDP,Annual,2016,32.45
GBR,United Kingdom,Tax revenue,S13,General government,Total tax revenue,Percentage of GDP,Annual,2015,31.907
GBR,United Kingdom,Tax revenue,S13,General government,Total tax revenue,Percentage of GDP,Annual,2014,31.693
TLS,Timor-Leste,Tax revenue,S13,General government,Total tax revenue,Percentage of GDP,Annual,2022,19.78
TLS,Timor-Leste,Tax revenue,S13,General government,Total tax revenue,Percentage of GDP,Annual,2021,14.436
TLS,Timor-Leste,Tax revenue,S13,General government,Total tax revenue,Percentage of GDP,Annual,2020,12.32
TLS,Timor-Leste,Tax revenue,S13,General government,Total tax revenue,Percentage of GDP,Annual,2019,16.368
TLS,Timor-Leste,Tax revenue,S13,General government,Total tax revenue,Percentage of GDP,Annual,2018,13.597
TLS,Timor-Leste,Tax revenue,S13,General government,Total tax revenue,Percentage of GDP,Annual,2017,10.598
TLS,Timor-Leste,Tax revenue,S13,General government,Total tax revenue,Percentage of GDP,Annual,2016,6.362
TLS,Timor-Leste,Tax revenue,S13,General government,Total tax revenue,Percentage of GDP,Annual,2015,16.732
TLS,Timor-Leste,Tax revenue,S13,General government,Total tax revenue,Percentage of GDP,Annual,2014,20.014
OECD_REP,OECD average country,Tax revenue,S13,General government,Total tax revenue,Percentage of GDP,Annual,2022,34.035
OECD_REP,OECD average country,Tax revenue,S13,General government,Total tax revenue,Percentage of GDP,Annual,2021,34.079
OECD_REP,OECD average country,Tax revenue,S13,General government,Total tax revenue,Percentage of GDP,Annual,2020,33.509
OECD_REP,OECD average country,Tax revenue,S13,General government,Total tax revenue,Percentage of GDP,Annual,2019,33.366
OECD_REP,OECD average country,Tax revenue,S13,General government,Total tax revenue,Percentage of GDP,Annual,2018,33.453
OECD_REP,OECD average country,Tax revenue,S13,General government,Total tax revenue,Percentage of GDP,Annual,2017,33.302
OECD_REP,OECD average country,Tax revenue,S13,General government,Total tax revenue,Percentage of GDP,Annual,2016,33.538
OECD_REP,OECD average country,Tax revenue,S13,General government,Total tax revenue,Percentage of GDP,Annual,2015,32.892
OECD_REP,OECD average country,Tax revenue,S13,General government,Total tax revenue,Percentage of GDP,Annual,2014,32.831
TUR,Türkiye,Tax revenue,S13,General government,Total tax revenue,Percentage of GDP,Annual,2022,20.945
TUR,Türkiye,Tax revenue,S13,General government,Total tax revenue,Percentage of GDP,Annual,2021,22.914
TUR,Türkiye,Tax revenue,S13,General government,Total tax revenue,Percentage of GDP,Annual,2020,23.861
TUR,Türkiye,Tax revenue,S13,General government,Total tax revenue,Percentage of GDP,Annual,2019,23.103
TUR,Türkiye,Tax revenue,S13,General government,Total tax revenue,Percentage of GDP,Annual,2018,23.968
TUR,Türkiye,Tax revenue,S13,General government,Total tax revenue,Percentage of GDP,Annual,2017,24.68
TUR,Türkiye,Tax revenue,S13,General government,Total tax revenue,Percentage of GDP,Annual,2016,25.128
TUR,Türkiye,Tax revenue,S13,General government,Total tax revenue,Percentage of GDP,Annual,2015,24.957
TUR,Türkiye,Tax revenue,S13,General government,Total tax revenue,Percentage of GDP,Annual,2014,24.457
MAR,Morocco,Tax revenue,S13,General government,Total tax revenue,Percentage of GDP,Annual,2022,29.917
MAR,Morocco,Tax revenue,S13,General government,Total tax revenue,Percentage of GDP,Annual,2021,27.253
MAR,Morocco,Tax revenue,S13,General government,Total tax revenue,Percentage of GDP,Annual,2020,27.275
MAR,Morocco,Tax revenue,S13,General government,Total tax revenue,Percentage of GDP,Annual,2019,26.402
MAR,Morocco,Tax revenue,S13,General government,Total tax revenue,Percentage of GDP,Annual,2018,26.205
MAR,Morocco,Tax revenue,S13,General government,Total tax revenue,Percentage of GDP,Annual,2017,25.867
MAR,Morocco,Tax revenue,S13,General government,Total tax revenue,Percentage of GDP,Annual,2016,25.444
MAR,Morocco,Tax revenue,S13,General government,Total tax revenue,Percentage of GDP,Annual,2015,24.586
MAR,Morocco,Tax revenue,S13,General government,Total tax revenue,Percentage of GDP,Annual,2014,25.655
KIR,Kiribati,Tax revenue,S13,General government,Total tax revenue,Percentage of GDP,Annual,2022,20.533
KIR,Kiribati,Tax revenue,S13,General government,Total tax revenue,Percentage of GDP,Annual,2021,21.787
KIR,Kiribati,Tax revenue,S13,General government,Total tax revenue,Percentage of GDP,Annual,2020,20.008
KIR,Kiribati,Tax revenue,S13,General government,Total tax revenue,Percentage of GDP,Annual,2019,19.593
KIR,Kiribati,Tax revenue,S13,General government,Total tax revenue,Percentage of GDP,Annual,2018,18.72
KIR,Kiribati,Tax revenue,S13,General government,Total tax revenue,Percentage of GDP,Annual,2017,17.511
KIR,Kiribati,Tax revenue,S13,General government,Total tax revenue,Percentage of GDP,Annual,2016,15.979
KIR,Kiribati,Tax revenue,S13,General government,Total tax revenue,Percentage of GDP,Annual,2015,15.431
KIR,Kiribati,Tax revenue,S13,General government,Total tax revenue,Percentage of GDP,Annual,2014,12.239
F,Africa,Tax revenue,S13,General government,Total tax revenue,Percentage of GDP,Annual,2022,15.985
F,Africa,Tax revenue,S13,General government,Total tax revenue,Percentage of GDP,Annual,2021,15.498
F,Africa,Tax revenue,S13,General government,Total tax revenue,Percentage of GDP,Annual,2020,15.237
F,Africa,Tax revenue,S13,General government,Total tax revenue,Percentage of GDP,Annual,2019,15.52
F,Africa,Tax revenue,S13,General government,Total tax revenue,Percentage of GDP,Annual,2018,15.153
F,Africa,Tax revenue,S13,General government,Total tax revenue,Percentage of GDP,Annual,2017,14.897
F,Africa,Tax revenue,S13,General government,Total tax revenue,Percentage of GDP,Annual,2016,15.003
F,Africa,Tax revenue,S13,General government,Total tax revenue,Percentage of GDP,Annual,2015,15.33
F,Africa,Tax revenue,S13,General government,Total tax revenue,Percentage of GDP,Annual,2014,15.326
CAN,Canada,Tax revenue,S13,General government,Total tax revenue,Percentage of GDP,Annual,2022,33.832
CAN,Canada,Tax revenue,S13,General government,Total tax revenue,Percentage of GDP,Annual,2021,34.799
CAN,Canada,Tax revenue,S13,General government,Total tax revenue,Percentage of GDP,Annual,2020,34.468
CAN,Canada,Tax revenue,S13,General government,Total tax revenue,Percentage of GDP,Annual,2019,33.082
CAN,Canada,Tax revenue,S13,General government,Total tax revenue,Percentage of GDP,Annual,2018,33.482
CAN,Canada,Tax revenue,S13,General government,Total tax revenue,Percentage of GDP,Annual,2017,33.044
CAN,Canada,Tax revenue,S13,General government,Total tax revenue,Percentage of GDP,Annual,2016,33.258
CAN,Canada,Tax revenue,S13,General government,Total tax revenue,Percentage of GDP,Annual,2015,32.82
CAN,Canada,Tax revenue,S13,General government,Total tax revenue,Percentage of GDP,Annual,2014,31.266
KEN,Kenya,Tax revenue,S13,General government,Total tax revenue,Percentage of GDP,Annual,2022,16.788
KEN,Kenya,Tax revenue,S13,General government,Total tax revenue,Percentage of GDP,Annual,2021,15.419
KEN,Kenya,Tax revenue,S13,General government,Total tax revenue,Percentage of GDP,Annual,2020,15.999
KEN,Kenya,Tax revenue,S13,General government,Total tax revenue,Percentage of GDP,Annual,2019,16.497
KEN,Kenya,Tax revenue,S13,General government,Total tax revenue,Percentage of GDP,Annual,2018,16.768
KEN,Kenya,Tax revenue,S13,General government,Total tax revenue,Percentage of GDP,Annual,2017,17.518
KEN,Kenya,Tax revenue,S13,General government,Total tax revenue,Percentage of GDP,Annual,2016,17.156
KEN,Kenya,Tax revenue,S13,General government,Total tax revenue,Percentage of GDP,Annual,2015,17.018
KEN,Kenya,Tax revenue,S13,General government,Total tax revenue,Percentage of GDP,Annual,2014,17.444
COG,Congo,Tax revenue,S13,General government,Total tax revenue,Percentage of GDP,Annual,2022,8.891
COG,Congo,Tax revenue,S13,General government,Total tax revenue,Percentage of GDP,Annual,2021,8.232
COG,Congo,Tax revenue,S13,General government,Total tax revenue,Percentage of GDP,Annual,2020,9.817
COG,Congo,Tax revenue,S13,General government,Total tax revenue,Percentage of GDP,Annual,2019,8.217
COG,Congo,Tax revenue,S13,General government,Total tax revenue,Percentage of GDP,Annual,2018,7.591
COG,Congo,Tax revenue,S13,General government,Total tax revenue,Percentage of GDP,Annual,2017,10.291
COG,Congo,Tax revenue,S13,General government,Total tax revenue,Percentage of GDP,Annual,2016,12.475
COG,Congo,Tax revenue,S13,General government,Total tax revenue,Percentage of GDP,Annual,2015,13.25
COG,Congo,Tax revenue,S13,General government,Total tax revenue,Percentage of GDP,Annual,2014,9.817
HKG,Hong Kong (China),Tax revenue,S13,General government,Total tax revenue,Percentage of GDP,Annual,2022,14.142
HKG,Hong Kong (China),Tax revenue,S13,General government,Total tax revenue,Percentage of GDP,Annual,2021,14.603
HKG,Hong Kong (China),Tax revenue,S13,General government,Total tax revenue,Percentage of GDP,Annual,2020,13.788
HKG,Hong Kong (China),Tax revenue,S13,General government,Total tax revenue,Percentage of GDP,Annual,2019,12.179
HKG,Hong Kong (China),Tax revenue,S13,General government,Total tax revenue,Percentage of GDP,Annual,2018,13.497
HKG,Hong Kong (China),Tax revenue,S13,General government,Total tax revenue,Percentage of GDP,Annual,2017,14.067
HKG,Hong Kong (China),Tax revenue,S13,General government,Total tax revenue,Percentage of GDP,Annual,2016,13.744
HKG,Hong Kong (China),Tax revenue,S13,General government,Total tax revenue,Percentage of GDP,Annual,2015,14.266
HKG,Hong Kong (China),Tax revenue,S13,General government,Total tax revenue,Percentage of GDP,Annual,2014,15.417
PRY,Paraguay,Tax revenue,S13,General government,Total tax revenue,Percentage of GDP,Annual,2022,14.677
PRY,Paraguay,Tax revenue,S13,General government,Total tax revenue,Percentage of GDP,Annual,2021,13.877
PRY,Paraguay,Tax revenue,S13,General government,Total tax revenue,Percentage of GDP,Annual,2020,13.522
PRY,Paraguay,Tax revenue,S13,General government,Total tax revenue,Percentage of GDP,Annual,2019,13.946
PRY,Paraguay,Tax revenue,S13,General government,Total tax revenue,Percentage of GDP,Annual,2018,13.859
PRY,Paraguay,Tax revenue,S13,General government,Total tax revenue,Percentage of GDP,Annual,2017,14.025
PRY,Paraguay,Tax revenue,S13,General government,Total tax revenue,Percentage of GDP,Annual,2016,13.421
PRY,Paraguay,Tax revenue,S13,General government,Total tax revenue,Percentage of GDP,Annual,2015,13.718
PRY,Paraguay,Tax revenue,S13,General government,Total tax revenue,Percentage of GDP,Annual,2014,13.817
ISR,Israel,Tax revenue,S13,General government,Total tax revenue,Percentage of GDP,Annual,2022,32.78
ISR,Israel,Tax revenue,S13,General government,Total tax revenue,Percentage of GDP,Annual,2021,32.305
ISR,Israel,Tax revenue,S13,General government,Total tax revenue,Percentage of GDP,Annual,2020,29.581
ISR,Israel,Tax revenue,S13,General government,Total tax revenue,Percentage of GDP,Annual,2019,30.125
ISR,Israel,Tax revenue,S13,General government,Total tax revenue,Percentage of GDP,Annual,2018,30.761
ISR,Israel,Tax revenue,S13,General government,Total tax revenue,Percentage of GDP,Annual,2017,32.196
ISR,Israel,Tax revenue,S13,General government,Total tax revenue,Percentage of GDP,Annual,2016,30.998
ISR,Israel,Tax revenue,S13,General government,Total tax revenue,Percentage of GDP,Annual,2015,31.035
ISR,Israel,Tax revenue,S13,General government,Total tax revenue,Percentage of GDP,Annual,2014,30.642
SLV,El Salvador,Tax revenue,S13,General government,Total tax revenue,Percentage of GDP,Annual,2022,22.869
SLV,El Salvador,Tax revenue,S13,General government,Total tax revenue,Percentage of GDP,Annual,2021,22.778
SLV,El Salvador,Tax revenue,S13,General government,Total tax revenue,Percentage of GDP,Annual,2020,21.678
SLV,El Salvador,Tax revenue,S13,General government,Total tax revenue,Percentage of GDP,Annual,2019,20.981
SLV,El Salvador,Tax revenue,S13,General government,Total tax revenue,Percentage of GDP,Annual,2018,21.31
SLV,El Salvador,Tax revenue,S13,General government,Total tax revenue,Percentage of GDP,Annual,2017,20.953
SLV,El Salvador,Tax revenue,S13,General government,Total tax revenue,Percentage of GDP,Annual,2016,20.525
SLV,El Salvador,Tax revenue,S13,General government,Total tax revenue,Percentage of GDP,Annual,2015,19.876
SLV,El Salvador,Tax revenue,S13,General government,Total tax revenue,Percentage of GDP,Annual,2014,19.822
NAM,Namibia,Tax revenue,S13,General government,Total tax revenue,Percentage of GDP,Annual,2022,19.704
NAM,Namibia,Tax revenue,S13,General government,Total tax revenue,Percentage of GDP,Annual,2021,19.452
NAM,Namibia,Tax revenue,S13,General government,Total tax revenue,Percentage of GDP,Annual,2020,18.544
NAM,Namibia,Tax revenue,S13,General government,Total tax revenue,Percentage of GDP,Annual,2019,20.197
NAM,Namibia,Tax revenue,S13,General government,Total tax revenue,Percentage of GDP,Annual,2018,19.419
NAM,Namibia,Tax revenue,S13,General government,Total tax revenue,Percentage of GDP,Annual,2017,20.406
NAM,Namibia,Tax revenue,S13,General government,Total tax revenue,Percentage of GDP,Annual,2016,21.122
NAM,Namibia,Tax revenue,S13,General government,Total tax revenue,Percentage of GDP,Annual,2015,21.467
NAM,Namibia,Tax revenue,S13,General government,Total tax revenue,Percentage of GDP,Annual,2014,21.126
PAK,Pakistan,Tax revenue,S13,General government,Total tax revenue,Percentage of GDP,Annual,2015,11.185
PAK,Pakistan,Tax revenue,S13,General government,Total tax revenue,Percentage of GDP,Annual,2014,9.918
PAK,Pakistan,Tax revenue,S13,General government,Total tax revenue,Percentage of GDP,Annual,2013,9.426
PAK,Pakistan,Tax revenue,S13,General government,Total tax revenue,Percentage of GDP,Annual,2022,10.02
PAK,Pakistan,Tax revenue,S13,General government,Total tax revenue,Percentage of GDP,Annual,2021,10.392
PAK,Pakistan,Tax revenue,S13,General government,Total tax revenue,Percentage of GDP,Annual,2020,10.285
PAK,Pakistan,Tax revenue,S13,General government,Total tax revenue,Percentage of GDP,Annual,2019,9.994
PAK,Pakistan,Tax revenue,S13,General government,Total tax revenue,Percentage of GDP,Annual,2018,10.222
PAK,Pakistan,Tax revenue,S13,General government,Total tax revenue,Percentage of GDP,Annual,2017,11.404
ECU,Ecuador,Tax revenue,S13,General government,Total tax revenue,Percentage of GDP,Annual,2018,21.063
ECU,Ecuador,Tax revenue,S13,General government,Total tax revenue,Percentage of GDP,Annual,2017,20.169
ECU,Ecuador,Tax revenue,S13,General government,Total tax revenue,Percentage of GDP,Annual,2016,19.866
ECU,Ecuador,Tax revenue,S13,General government,Total tax revenue,Percentage of GDP,Annual,2015,21.815
ECU,Ecuador,Tax revenue,S13,General government,Total tax revenue,Percentage of GDP,Annual,2014,19.206
ECU,Ecuador,Tax revenue,S13,General government,Total tax revenue,Percentage of GDP,Annual,2013,18.998
ECU,Ecuador,Tax revenue,S13,General government,Total tax revenue,Percentage of GDP,Annual,2022,20.921
ECU,Ecuador,Tax revenue,S13,General government,Total tax revenue,Percentage of GDP,Annual,2021,19.448
ECU,Ecuador,Tax revenue,S13,General government,Total tax revenue,Percentage of GDP,Annual,2020,18.675
MLT,Malta,Tax revenue,S13,General government,Total tax revenue,Percentage of GDP,Annual,2022,27.649
MLT,Malta,Tax revenue,S13,General government,Total tax revenue,Percentage of GDP,Annual,2021,27.419
MLT,Malta,Tax revenue,S13,General government,Total tax revenue,Percentage of GDP,Annual,2020,27.754
MLT,Malta,Tax revenue,S13,General government,Total tax revenue,Percentage of GDP,Annual,2019,30.012
MLT,Malta,Tax revenue,S13,General government,Total tax revenue,Percentage of GDP,Annual,2018,30.358
MLT,Malta,Tax revenue,S13,General government,Total tax revenue,Percentage of GDP,Annual,2017,30.881
MLT,Malta,Tax revenue,S13,General government,Total tax revenue,Percentage of GDP,Annual,2016,31.421
MLT,Malta,Tax revenue,S13,General government,Total tax revenue,Percentage of GDP,Annual,2015,29.391
MLT,Malta,Tax revenue,S13,General government,Total tax revenue,Percentage of GDP,Annual,2014,30.868
DNK,Denmark,Tax revenue,S13,General government,Total tax revenue,Percentage of GDP,Annual,2022,41.934
DNK,Denmark,Tax revenue,S13,General government,Total tax revenue,Percentage of GDP,Annual,2021,47.249
DNK,Denmark,Tax revenue,S13,General government,Total tax revenue,Percentage of GDP,Annual,2020,47.237
DNK,Denmark,Tax revenue,S13,General government,Total tax revenue,Percentage of GDP,Annual,2019,47.146
DNK,Denmark,Tax revenue,S13,General government,Total tax revenue,Percentage of GDP,Annual,2018,44.445
DNK,Denmark,Tax revenue,S13,General government,Total tax revenue,Percentage of GDP,Annual,2017,45.457
DNK,Denmark,Tax revenue,S13,General government,Total tax revenue,Percentage of GDP,Annual,2016,45.799
DNK,Denmark,Tax revenue,S13,General government,Total tax revenue,Percentage of GDP,Annual,2015,46.487
DNK,Denmark,Tax revenue,S13,General government,Total tax revenue,Percentage of GDP,Annual,2014,48.776
LCA,Saint Lucia,Tax revenue,S13,General government,Total tax revenue,Percentage of GDP,Annual,2022,18.388
LCA,Saint Lucia,Tax revenue,S13,General government,Total tax revenue,Percentage of GDP,Annual,2021,19.777
LCA,Saint Lucia,Tax revenue,S13,General government,Total tax revenue,Percentage of GDP,Annual,2020,21.308
LCA,Saint Lucia,Tax revenue,S13,General government,Total tax revenue,Percentage of GDP,Annual,2019,20.789
LCA,Saint Lucia,Tax revenue,S13,General government,Total tax revenue,Percentage of GDP,Annual,2018,20.687
LCA,Saint Lucia,Tax revenue,S13,General government,Total tax revenue,Percentage of GDP,Annual,2017,20.36
LCA,Saint Lucia,Tax revenue,S13,General government,Total tax revenue,Percentage of GDP,Annual,2016,21.243
LCA,Saint Lucia,Tax revenue,S13,General government,Total tax revenue,Percentage of GDP,Annual,2015,21.243
LCA,Saint Lucia,Tax revenue,S13,General government,Total tax revenue,Percentage of GDP,Annual,2014,20.586
CIV,Côte d’Ivoire,Tax revenue,S13,General government,Total tax revenue,Percentage of GDP,Annual,2015,12.606
CIV,Côte d’Ivoire,Tax revenue,S13,General government,Total tax revenue,Percentage of GDP,Annual,2014,12.206
CIV,Côte d’Ivoire,Tax revenue,S13,General government,Total tax revenue,Percentage of GDP,Annual,2013,12.748
CIV,Côte d’Ivoire,Tax revenue,S13,General government,Total tax revenue,Percentage of GDP,Annual,2022,12.873
CIV,Côte d’Ivoire,Tax revenue,S13,General government,Total tax revenue,Percentage of GDP,Annual,2021,13.729
CIV,Côte d’Ivoire,Tax revenue,S13,General government,Total tax revenue,Percentage of GDP,Annual,2020,13.051
CIV,Côte d’Ivoire,Tax revenue,S13,General government,Total tax revenue,Percentage of GDP,Annual,2019,12.798
CIV,Côte d’Ivoire,Tax revenue,S13,General government,Total tax revenue,Percentage of GDP,Annual,2018,12.904
CIV,Côte d’Ivoire,Tax revenue,S13,General government,Total tax revenue,Percentage of GDP,Annual,2017,13.065
SGP,Singapore,Tax revenue,S13,General government,Total tax revenue,Percentage of GDP,Annual,2022,12.102
SGP,Singapore,Tax revenue,S13,General government,Total tax revenue,Percentage of GDP,Annual,2021,12.223
SGP,Singapore,Tax revenue,S13,General government,Total tax revenue,Percentage of GDP,Annual,2020,12.483
SGP,Singapore,Tax revenue,S13,General government,Total tax revenue,Percentage of GDP,Annual,2019,13.17
SGP,Singapore,Tax revenue,S13,General government,Total tax revenue,Percentage of GDP,Annual,2018,12.89
SGP,Singapore,Tax revenue,S13,General government,Total tax revenue,Percentage of GDP,Annual,2017,13.831
SGP,Singapore,Tax revenue,S13,General government,Total tax revenue,Percentage of GDP,Annual,2016,13.04
SGP,Singapore,Tax revenue,S13,General government,Total tax revenue,Percentage of GDP,Annual,2015,13.05
SGP,Singapore,Tax revenue,S13,General government,Total tax revenue,Percentage of GDP,Annual,2014,13.357
BGD,Bangladesh,Tax revenue,S13,General government,Total tax revenue,Percentage of GDP,Annual,2022,7.467
BGD,Bangladesh,Tax revenue,S13,General government,Total tax revenue,Percentage of GDP,Annual,2021,7.423
BGD,Bangladesh,Tax revenue,S13,General government,Total tax revenue,Percentage of GDP,Annual,2020,7.413
BGD,Bangladesh,Tax revenue,S13,General government,Total tax revenue,Percentage of GDP,Annual,2019,6.827
BGD,Bangladesh,Tax revenue,S13,General government,Total tax revenue,Percentage of GDP,Annual,2018,7.48
BGD,Bangladesh,Tax revenue,S13,General government,Total tax revenue,Percentage of GDP,Annual,2017,7.666
BGD,Bangladesh,Tax revenue,S13,General government,Total tax revenue,Percentage of GDP,Annual,2016,7.385
BGD,Bangladesh,Tax revenue,S13,General government,Total tax revenue,Percentage of GDP,Annual,2015,7.401
BGD,Bangladesh,Tax revenue,S13,General government,Total tax revenue,Percentage of GDP,Annual,2014,7.473
SWZ,Eswatini,Tax revenue,S13,General government,Total tax revenue,Percentage of GDP,Annual,2022,17.604
SWZ,Eswatini,Tax revenue,S13,General government,Total tax revenue,Percentage of GDP,Annual,2021,17.421
SWZ,Eswatini,Tax revenue,S13,General government,Total tax revenue,Percentage of GDP,Annual,2020,17.754
SWZ,Eswatini,Tax revenue,S13,General government,Total tax revenue,Percentage of GDP,Annual,2019,18.263
SWZ,Eswatini,Tax revenue,S13,General government,Total tax revenue,Percentage of GDP,Annual,2018,17.404
SWZ,Eswatini,Tax revenue,S13,General government,Total tax revenue,Percentage of GDP,Annual,2017,16.987
SWZ,Eswatini,Tax revenue,S13,General government,Total tax revenue,Percentage of GDP,Annual,2016,16.099
SWZ,Eswatini,Tax revenue,S13,General government,Total tax revenue,Percentage of GDP,Annual,2015,14.953
SWZ,Eswatini,Tax revenue,S13,General government,Total tax revenue,Percentage of GDP,Annual,2014,14.904
MWI,Malawi,Tax revenue,S13,General government,Total tax revenue,Percentage of GDP,Annual,2022,12.521
MWI,Malawi,Tax revenue,S13,General government,Total tax revenue,Percentage of GDP,Annual,2021,12.351
MWI,Malawi,Tax revenue,S13,General government,Total tax revenue,Percentage of GDP,Annual,2020,12.573
MWI,Malawi,Tax revenue,S13,General government,Total tax revenue,Percentage of GDP,Annual,2019,12.538
MWI,Malawi,Tax revenue,S13,General government,Total tax revenue,Percentage of GDP,Annual,2018,12.797
MWI,Malawi,Tax revenue,S13,General government,Total tax revenue,Percentage of GDP,Annual,2017,13.172
MWI,Malawi,Tax revenue,S13,General government,Total tax revenue,Percentage of GDP,Annual,2016,12.018
MWI,Malawi,Tax revenue,S13,General government,Total tax revenue,Percentage of GDP,Annual,2015,11.951
MWI,Malawi,Tax revenue,S13,General government,Total tax revenue,Percentage of GDP,Annual,2014,12.697
ZAF,South Africa,Tax revenue,S13,General government,Total tax revenue,Percentage of GDP,Annual,2022,27.067
ZAF,South Africa,Tax revenue,S13,General government,Total tax revenue,Percentage of GDP,Annual,2021,26.297
ZAF,South Africa,Tax revenue,S13,General government,Total tax revenue,Percentage of GDP,Annual,2020,25.11
ZAF,South Africa,Tax revenue,S13,General government,Total tax revenue,Percentage of GDP,Annual,2019,26.116
ZAF,South Africa,Tax revenue,S13,General government,Total tax revenue,Percentage of GDP,Annual,2018,26.46
ZAF,South Africa,Tax revenue,S13,General government,Total tax revenue,Percentage of GDP,Annual,2017,26.03
ZAF,South Africa,Tax revenue,S13,General government,Total tax revenue,Percentage of GDP,Annual,2016,26.008
ZAF,South Africa,Tax revenue,S13,General government,Total tax revenue,Percentage of GDP,Annual,2015,26.41
ZAF,South Africa,Tax revenue,S13,General government,Total tax revenue,Percentage of GDP,Annual,2014,25.42
CZE,Czechia,Tax revenue,S13,General government,Total tax revenue,Percentage of GDP,Annual,2022,33.187
CZE,Czechia,Tax revenue,S13,General government,Total tax revenue,Percentage of GDP,Annual,2021,33.654
CZE,Czechia,Tax revenue,S13,General government,Total tax revenue,Percentage of GDP,Annual,2020,34.046
CZE,Czechia,Tax revenue,S13,General government,Total tax revenue,Percentage of GDP,Annual,2019,34.203
CZE,Czechia,Tax revenue,S13,General government,Total tax revenue,Percentage of GDP,Annual,2018,34.559
CZE,Czechia,Tax revenue,S13,General government,Total tax revenue,Percentage of GDP,Annual,2017,33.982
CZE,Czechia,Tax revenue,S13,General government,Total tax revenue,Percentage of GDP,Annual,2016,33.707
CZE,Czechia,Tax revenue,S13,General government,Total tax revenue,Percentage of GDP,Annual,2015,32.946
CZE,Czechia,Tax revenue,S13,General government,Total tax revenue,Percentage of GDP,Annual,2014,32.61
KOR,Korea,Tax revenue,S13,General government,Total tax revenue,Percentage of GDP,Annual,2022,31.976
KOR,Korea,Tax revenue,S13,General government,Total tax revenue,Percentage of GDP,Annual,2021,29.761
KOR,Korea,Tax revenue,S13,General government,Total tax revenue,Percentage of GDP,Annual,2020,27.745
KOR,Korea,Tax revenue,S13,General government,Total tax revenue,Percentage of GDP,Annual,2019,27.227
KOR,Korea,Tax revenue,S13,General government,Total tax revenue,Percentage of GDP,Annual,2018,26.686
KOR,Korea,Tax revenue,S13,General government,Total tax revenue,Percentage of GDP,Annual,2017,25.357
KOR,Korea,Tax revenue,S13,General government,Total tax revenue,Percentage of GDP,Annual,2016,24.745
KOR,Korea,Tax revenue,S13,General government,Total tax revenue,Percentage of GDP,Annual,2015,23.737
KOR,Korea,Tax revenue,S13,General government,Total tax revenue,Percentage of GDP,Annual,2014,23.381
FIN,Finland,Tax revenue,S13,General government,Total tax revenue,Percentage of GDP,Annual,2022,43.175
FIN,Finland,Tax revenue,S13,General government,Total tax revenue,Percentage of GDP,Annual,2021,43.211
FIN,Finland,Tax revenue,S13,General government,Total tax revenue,Percentage of GDP,Annual,2020,41.846
FIN,Finland,Tax revenue,S13,General government,Total tax revenue,Percentage of GDP,Annual,2019,42.291
FIN,Finland,Tax revenue,S13,General government,Total tax revenue,Percentage of GDP,Annual,2018,42.387
FIN,Finland,Tax revenue,S13,General government,Total tax revenue,Percentage of GDP,Annual,2017,42.857
FIN,Finland,Tax revenue,S13,General government,Total tax revenue,Percentage of GDP,Annual,2016,43.727
FIN,Finland,Tax revenue,S13,General government,Total tax revenue,Percentage of GDP,Annual,2015,43.524
FIN,Finland,Tax revenue,S13,General government,Total tax revenue,Percentage of GDP,Annual,2014,43.513
CPV,Cabo Verde,Tax revenue,S13,General government,Total tax revenue,Percentage of GDP,Annual,2022,18.257
CPV,Cabo Verde,Tax revenue,S13,General government,Total tax revenue,Percentage of GDP,Annual,2021,17.788
CPV,Cabo Verde,Tax revenue,S13,General government,Total tax revenue,Percentage of GDP,Annual,2020,18.736
CPV,Cabo Verde,Tax revenue,S13,General government,Total tax revenue,Percentage of GDP,Annual,2019,18.694
CPV,Cabo Verde,Tax revenue,S13,General government,Total tax revenue,Percentage of GDP,Annual,2018,19.583
CPV,Cabo Verde,Tax revenue,S13,General government,Total tax revenue,Percentage of GDP,Annual,2017,18.205
CPV,Cabo Verde,Tax revenue,S13,General government,Total tax revenue,Percentage of GDP,Annual,2016,17.465
CPV,Cabo Verde,Tax revenue,S13,General government,Total tax revenue,Percentage of GDP,Annual,2015,17.648
CPV,Cabo Verde,Tax revenue,S13,General government,Total tax revenue,Percentage of GDP,Annual,2014,15.943
SLB,Solomon Islands,Tax revenue,S13,General government,Total tax revenue,Percentage of GDP,Annual,2022,18.563
SLB,Solomon Islands,Tax revenue,S13,General government,Total tax revenue,Percentage of GDP,Annual,2021,19.308
SLB,Solomon Islands,Tax revenue,S13,General government,Total tax revenue,Percentage of GDP,Annual,2020,18.877
SLB,Solomon Islands,Tax revenue,S13,General government,Total tax revenue,Percentage of GDP,Annual,2019,19.822
SLB,Solomon Islands,Tax revenue,S13,General government,Total tax revenue,Percentage of GDP,Annual,2018,23.455
SLB,Solomon Islands,Tax revenue,S13,General government,Total tax revenue,Percentage of GDP,Annual,2017,22.701
SLB,Solomon Islands,Tax revenue,S13,General government,Total tax revenue,Percentage of GDP,Annual,2016,21.583
SLB,Solomon Islands,Tax revenue,S13,General government,Total tax revenue,Percentage of GDP,Annual,2015,23.11
SLB,Solomon Islands,Tax revenue,S13,General government,Total tax revenue,Percentage of GDP,Annual,2014,23.034
MOZ,Mozambique,Tax revenue,S13,General government,Total tax revenue,Percentage of GDP,Annual,2022,21.837
MOZ,Mozambique,Tax revenue,S13,General government,Total tax revenue,Percentage of GDP,Annual,2021,22.673
MOZ,Mozambique,Tax revenue,S13,General government,Total tax revenue,Percentage of GDP,Annual,2020,20.676
MOZ,Mozambique,Tax revenue,S13,General government,Total tax revenue,Percentage of GDP,Annual,2019,21.005
MOZ,Mozambique,Tax revenue,S13,General government,Total tax revenue,Percentage of GDP,Annual,2018,21.192
MOZ,Mozambique,Tax revenue,S13,General government,Total tax revenue,Percentage of GDP,Annual,2017,19.424
MOZ,Mozambique,Tax revenue,S13,General government,Total tax revenue,Percentage of GDP,Annual,2016,24.996
MOZ,Mozambique,Tax revenue,S13,General government,Total tax revenue,Percentage of GDP,Annual,2015,31.679
MOZ,Mozambique,Tax revenue,S13,General government,Total tax revenue,Percentage of GDP,Annual,2014,34.343
TUN,Tunisia,Tax revenue,S13,General government,Total tax revenue,Percentage of GDP,Annual,2022,33.504
TUN,Tunisia,Tax revenue,S13,General government,Total tax revenue,Percentage of GDP,Annual,2021,32.536
TUN,Tunisia,Tax revenue,S13,General government,Total tax revenue,Percentage of GDP,Annual,2020,32.456
TUN,Tunisia,Tax revenue,S13,General government,Total tax revenue,Percentage of GDP,Annual,2019,32.081
TUN,Tunisia,Tax revenue,S13,General government,Total tax revenue,Percentage of GDP,Annual,2018,29.937
TUN,Tunisia,Tax revenue,S13,General government,Total tax revenue,Percentage of GDP,Annual,2017,29.222
TUN,Tunisia,Tax revenue,S13,General government,Total tax revenue,Percentage of GDP,Annual,2016,27.911
TUN,Tunisia,Tax revenue,S13,General government,Total tax revenue,Percentage of GDP,Annual,2015,28.522
TUN,Tunisia,Tax revenue,S13,General government,Total tax revenue,Percentage of GDP,Annual,2014,29.29
NLD,Netherlands,Tax revenue,S13,General government,Total tax revenue,Percentage of GDP,Annual,2022,38.066
NLD,Netherlands,Tax revenue,S13,General government,Total tax revenue,Percentage of GDP,Annual,2021,38.264
NLD,Netherlands,Tax revenue,S13,General government,Total tax revenue,Percentage of GDP,Annual,2020,39.022
NLD,Netherlands,Tax revenue,S13,General government,Total tax revenue,Percentage of GDP,Annual,2019,38.473
NLD,Netherlands,Tax revenue,S13,General government,Total tax revenue,Percentage of GDP,Annual,2018,38.144
NLD,Netherlands,Tax revenue,S13,General government,Total tax revenue,Percentage of GDP,Annual,2017,38.046
NLD,Netherlands,Tax revenue,S13,General government,Total tax revenue,Percentage of GDP,Annual,2016,37.774
NLD,Netherlands,Tax revenue,S13,General government,Total tax revenue,Percentage of GDP,Annual,2015,36.521
NLD,Netherlands,Tax revenue,S13,General government,Total tax revenue,Percentage of GDP,Annual,2014,36.661
JAM,Jamaica,Tax revenue,S13,General government,Total tax revenue,Percentage of GDP,Annual,2022,29.298
JAM,Jamaica,Tax revenue,S13,General government,Total tax revenue,Percentage of GDP,Annual,2021,27.892
JAM,Jamaica,Tax revenue,S13,General government,Total tax revenue,Percentage of GDP,Annual,2020,27.668
JAM,Jamaica,Tax revenue,S13,General government,Total tax revenue,Percentage of GDP,Annual,2019,28.553
JAM,Jamaica,Tax revenue,S13,General government,Total tax revenue,Percentage of GDP,Annual,2018,27.723
JAM,Jamaica,Tax revenue,S13,General government,Total tax revenue,Percentage of GDP,Annual,2017,27.287
JAM,Jamaica,Tax revenue,S13,General government,Total tax revenue,Percentage of GDP,Annual,2016,26.539
JAM,Jamaica,Tax revenue,S13,General government,Total tax revenue,Percentage of GDP,Annual,2015,25.766
JAM,Jamaica,Tax revenue,S13,General government,Total tax revenue,Percentage of GDP,Annual,2014,24.762
SO,Asia and the Pacific,Tax revenue,S13,General government,Total tax revenue,Percentage of GDP,Annual,2022,19.325
SO,Asia and the Pacific,Tax revenue,S13,General government,Total tax revenue,Percentage of GDP,Annual,2021,18.764
SO,Asia and the Pacific,Tax revenue,S13,General government,Total tax revenue,Percentage of GDP,Annual,2020,18.286
SO,Asia and the Pacific,Tax revenue,S13,General government,Total tax revenue,Percentage of GDP,Annual,2019,19.309
SO,Asia and the Pacific,Tax revenue,S13,General government,Total tax revenue,Percentage of GDP,Annual,2018,19.064
SO,Asia and the Pacific,Tax revenue,S13,General government,Total tax revenue,Percentage of GDP,Annual,2017,18.582
SO,Asia and the Pacific,Tax revenue,S13,General government,Total tax revenue,Percentage of GDP,Annual,2016,17.82
SO,Asia and the Pacific,Tax revenue,S13,General government,Total tax revenue,Percentage of GDP,Annual,2015,18.409
SO,Asia and the Pacific,Tax revenue,S13,General government,Total tax revenue,Percentage of GDP,Annual,2014,18.213
FJI,Fiji,Tax revenue,S13,General government,Total tax revenue,Percentage of GDP,Annual,2022,17.88
FJI,Fiji,Tax revenue,S13,General government,Total tax revenue,Percentage of GDP,Annual,2021,15.101
FJI,Fiji,Tax revenue,S13,General government,Total tax revenue,Percentage of GDP,Annual,2020,16.72
FJI,Fiji,Tax revenue,S13,General government,Total tax revenue,Percentage of GDP,Annual,2019,22.434
FJI,Fiji,Tax revenue,S13,General government,Total tax revenue,Percentage of GDP,Annual,2018,23.513
FJI,Fiji,Tax revenue,S13,General government,Total tax revenue,Percentage of GDP,Annual,2017,24.216
FJI,Fiji,Tax revenue,S13,General government,Total tax revenue,Percentage of GDP,Annual,2016,23.118
FJI,Fiji,Tax revenue,S13,General government,Total tax revenue,Percentage of GDP,Annual,2015,23.605
FJI,Fiji,Tax revenue,S13,General government,Total tax revenue,Percentage of GDP,Annual,2014,22.691
CRI,Costa Rica,Tax revenue,S13,General government,Total tax revenue,Percentage of GDP,Annual,2022,25.186
CRI,Costa Rica,Tax revenue,S13,General government,Total tax revenue,Percentage of GDP,Annual,2021,24.845
CRI,Costa Rica,Tax revenue,S13,General government,Total tax revenue,Percentage of GDP,Annual,2020,22.566
CRI,Costa Rica,Tax revenue,S13,General government,Total tax revenue,Percentage of GDP,Annual,2019,23.408
CRI,Costa Rica,Tax revenue,S13,General government,Total tax revenue,Percentage of GDP,Annual,2018,23.157
CRI,Costa Rica,Tax revenue,S13,General government,Total tax revenue,Percentage of GDP,Annual,2017,22.984
CRI,Costa Rica,Tax revenue,S13,General government,Total tax revenue,Percentage of GDP,Annual,2016,23.486
CRI,Costa Rica,Tax revenue,S13,General government,Total tax revenue,Percentage of GDP,Annual,2015,22.947
CRI,Costa Rica,Tax revenue,S13,General government,Total tax revenue,Percentage of GDP,Annual,2014,22.609
GTM,Guatemala,Tax revenue,S13,General government,Total tax revenue,Percentage of GDP,Annual,2022,14.392
GTM,Guatemala,Tax revenue,S13,General government,Total tax revenue,Percentage of GDP,Annual,2021,14.14
GTM,Guatemala,Tax revenue,S13,General government,Total tax revenue,Percentage of GDP,Annual,2020,12.42
GTM,Guatemala,Tax revenue,S13,General government,Total tax revenue,Percentage of GDP,Annual,2019,12.984
GTM,Guatemala,Tax revenue,S13,General government,Total tax revenue,Percentage of GDP,Annual,2018,13.15
GTM,Guatemala,Tax revenue,S13,General government,Total tax revenue,Percentage of GDP,Annual,2017,13.237
GTM,Guatemala,Tax revenue,S13,General government,Total tax revenue,Percentage of GDP,Annual,2016,13.227
GTM,Guatemala,Tax revenue,S13,General government,Total tax revenue,Percentage of GDP,Annual,2015,12.776
GTM,Guatemala,Tax revenue,S13,General government,Total tax revenue,Percentage of GDP,Annual,2014,13.227
AZE,Azerbaijan,Tax revenue,S13,General government,Total tax revenue,Percentage of GDP,Annual,2014,17.184
AZE,Azerbaijan,Tax revenue,S13,General government,Total tax revenue,Percentage of GDP,Annual,2022,19.625
AZE,Azerbaijan,Tax revenue,S13,General government,Total tax revenue,Percentage of GDP,Annual,2021,18.396
AZE,Azerbaijan,Tax revenue,S13,General government,Total tax revenue,Percentage of GDP,Annual,2020,20.298
AZE,Azerbaijan,Tax revenue,S13,General government,Total tax revenue,Percentage of GDP,Annual,2019,18.062
AZE,Azerbaijan,Tax revenue,S13,General government,Total tax revenue,Percentage of GDP,Annual,2018,16.206
AZE,Azerbaijan,Tax revenue,S13,General government,Total tax revenue,Percentage of GDP,Annual,2017,16.277
AZE,Azerbaijan,Tax revenue,S13,General government,Total tax revenue,Percentage of GDP,Annual,2016,18.224
GAB,Gabon,Tax revenue,S13,General government,Total tax revenue,Percentage of GDP,Annual,2022,11.419
GAB,Gabon,Tax revenue,S13,General government,Total tax revenue,Percentage of GDP,Annual,2021,10.321
GAB,Gabon,Tax revenue,S13,General government,Total tax revenue,Percentage of GDP,Annual,2020,12.838
GAB,Gabon,Tax revenue,S13,General government,Total tax revenue,Percentage of GDP,Annual,2019,12.09
GAB,Gabon,Tax revenue,S13,General government,Total tax revenue,Percentage of GDP,Annual,2018,10.372
GAB,Gabon,Tax revenue,S13,General government,Total tax revenue,Percentage of GDP,Annual,2017,10.885
GAB,Gabon,Tax revenue,S13,General government,Total tax revenue,Percentage of GDP,Annual,2016,12.316
GAB,Gabon,Tax revenue,S13,General government,Total tax revenue,Percentage of GDP,Annual,2015,15.314
GAB,Gabon,Tax revenue,S13,General government,Total tax revenue,Percentage of GDP,Annual,2014,16.451
VNM,Viet Nam,Tax revenue,S13,General government,Total tax revenue,Percentage of GDP,Annual,2022,18.961
VNM,Viet Nam,Tax revenue,S13,General government,Total tax revenue,Percentage of GDP,Annual,2021,18.206
VNM,Viet Nam,Tax revenue,S13,General government,Total tax revenue,Percentage of GDP,Annual,2020,17.672
VNM,Viet Nam,Tax revenue,S13,General government,Total tax revenue,Percentage of GDP,Annual,2019,18.926
VNM,Viet Nam,Tax revenue,S13,General government,Total tax revenue,Percentage of GDP,Annual,2018,18.342
VNM,Viet Nam,Tax revenue,S13,General government,Total tax revenue,Percentage of GDP,Annual,2017,18.414
VNM,Viet Nam,Tax revenue,S13,General government,Total tax revenue,Percentage of GDP,Annual,2016,18.361
VNM,Viet Nam,Tax revenue,S13,General government,Total tax revenue,Percentage of GDP,Annual,2015,18.169
VNM,Viet Nam,Tax revenue,S13,General government,Total tax revenue,Percentage of GDP,Annual,2014,17.729
IRL,Ireland,Tax revenue,S13,General government,Total tax revenue,Percentage of GDP,Annual,2022,20.255
IRL,Ireland,Tax revenue,S13,General government,Total tax revenue,Percentage of GDP,Annual,2021,20.041
IRL,Ireland,Tax revenue,S13,General government,Total tax revenue,Percentage of GDP,Annual,2020,19.37
IRL,Ireland,Tax revenue,S13,General government,Total tax revenue,Percentage of GDP,Annual,2019,21.444
IRL,Ireland,Tax revenue,S13,General government,Total tax revenue,Percentage of GDP,Annual,2018,21.758
IRL,Ireland,Tax revenue,S13,General government,Total tax revenue,Percentage of GDP,Annual,2017,21.741
IRL,Ireland,Tax revenue,S13,General government,Total tax revenue,Percentage of GDP,Annual,2016,23.032
IRL,Ireland,Tax revenue,S13,General government,Total tax revenue,Percentage of GDP,Annual,2015,22.344
IRL,Ireland,Tax revenue,S13,General government,Total tax revenue,Percentage of GDP,Annual,2014,27.899
PHL,Philippines,Tax revenue,S13,General government,Total tax revenue,Percentage of GDP,Annual,2022,18.384
PHL,Philippines,Tax revenue,S13,General government,Total tax revenue,Percentage of GDP,Annual,2021,18.061
PHL,Philippines,Tax revenue,S13,General government,Total tax revenue,Percentage of GDP,Annual,2020,17.844
PHL,Philippines,Tax revenue,S13,General government,Total tax revenue,Percentage of GDP,Annual,2019,18.061
PHL,Philippines,Tax revenue,S13,General government,Total tax revenue,Percentage of GDP,Annual,2018,17.394
PHL,Philippines,Tax revenue,S13,General government,Total tax revenue,Percentage of GDP,Annual,2017,16.783
PHL,Philippines,Tax revenue,S13,General government,Total tax revenue,Percentage of GDP,Annual,2016,16.231
PHL,Philippines,Tax revenue,S13,General government,Total tax revenue,Percentage of GDP,Annual,2015,16.226
PHL,Philippines,Tax revenue,S13,General government,Total tax revenue,Percentage of GDP,Annual,2014,15.989
KAZ,Kazakhstan,Tax revenue,S13,General government,Total tax revenue,Percentage of GDP,Annual,2022,19.754
KAZ,Kazakhstan,Tax revenue,S13,General government,Total tax revenue,Percentage of GDP,Annual,2021,15.597
KAZ,Kazakhstan,Tax revenue,S13,General government,Total tax revenue,Percentage of GDP,Annual,2020,14.061
KAZ,Kazakhstan,Tax revenue,S13,General government,Total tax revenue,Percentage of GDP,Annual,2019,16.676
KAZ,Kazakhstan,Tax revenue,S13,General government,Total tax revenue,Percentage of GDP,Annual,2018,16.96
KAZ,Kazakhstan,Tax revenue,S13,General government,Total tax revenue,Percentage of GDP,Annual,2017,16.013
KAZ,Kazakhstan,Tax revenue,S13,General government,Total tax revenue,Percentage of GDP,Annual,2016,14.916
KAZ,Kazakhstan,Tax revenue,S13,General government,Total tax revenue,Percentage of GDP,Annual,2015,15.539
KAZ,Kazakhstan,Tax revenue,S13,General government,Total tax revenue,Percentage of GDP,Annual,2014,21.084
LIE,Liechtenstein,Tax revenue,S13,General government,Total tax revenue,Percentage of GDP,Annual,2022,20.809
LIE,Liechtenstein,Tax revenue,S13,General government,Total tax revenue,Percentage of GDP,Annual,2021,19.835
LIE,Liechtenstein,Tax revenue,S13,General government,Total tax revenue,Percentage of GDP,Annual,2020,28.141
LIE,Liechtenstein,Tax revenue,S13,General government,Total tax revenue,Percentage of GDP,Annual,2019,21.494
LIE,Liechtenstein,Tax revenue,S13,General government,Total tax revenue,Percentage of GDP,Annual,2018,19.882
LIE,Liechtenstein,Tax revenue,S13,General government,Total tax revenue,Percentage of GDP,Annual,2017,19.331
LIE,Liechtenstein,Tax revenue,S13,General government,Total tax revenue,Percentage of GDP,Annual,2016,19.956
LIE,Liechtenstein,Tax revenue,S13,General government,Total tax revenue,Percentage of GDP,Annual,2015,20.428
LIE,Liechtenstein,Tax revenue,S13,General government,Total tax revenue,Percentage of GDP,Annual,2014,18.745
NZL,New Zealand,Tax revenue,S13,General government,Total tax revenue,Percentage of GDP,Annual,2022,33.12
NZL,New Zealand,Tax revenue,S13,General government,Total tax revenue,Percentage of GDP,Annual,2021,34.542
NZL,New Zealand,Tax revenue,S13,General government,Total tax revenue,Percentage of GDP,Annual,2020,33.727
NZL,New Zealand,Tax revenue,S13,General government,Total tax revenue,Percentage of GDP,Annual,2019,31.404
NZL,New Zealand,Tax revenue,S13,General government,Total tax revenue,Percentage of GDP,Annual,2018,32.18
NZL,New Zealand,Tax revenue,S13,General government,Total tax revenue,Percentage of GDP,Annual,2017,31.322
NZL,New Zealand,Tax revenue,S13,General government,Total tax revenue,Percentage of GDP,Annual,2016,31.4
NZL,New Zealand,Tax revenue,S13,General government,Total tax revenue,Percentage of GDP,Annual,2015,31.5
NZL,New Zealand,Tax revenue,S13,General government,Total tax revenue,Percentage of GDP,Annual,2014,31.186
MUS,Mauritius,Tax revenue,S13,General government,Total tax revenue,Percentage of GDP,Annual,2022,22.272
MUS,Mauritius,Tax revenue,S13,General government,Total tax revenue,Percentage of GDP,Annual,2021,19.98
MUS,Mauritius,Tax revenue,S13,General government,Total tax revenue,Percentage of GDP,Annual,2020,20.245
MUS,Mauritius,Tax revenue,S13,General government,Total tax revenue,Percentage of GDP,Annual,2019,20.429
MUS,Mauritius,Tax revenue,S13,General government,Total tax revenue,Percentage of GDP,Annual,2018,19.684
MUS,Mauritius,Tax revenue,S13,General government,Total tax revenue,Percentage of GDP,Annual,2017,19.247
MUS,Mauritius,Tax revenue,S13,General government,Total tax revenue,Percentage of GDP,Annual,2016,18.96
MUS,Mauritius,Tax revenue,S13,General government,Total tax revenue,Percentage of GDP,Annual,2015,18.821
MUS,Mauritius,Tax revenue,S13,General government,Total tax revenue,Percentage of GDP,Annual,2014,18.928
BHS,Bahamas,Tax revenue,S13,General government,Total tax revenue,Percentage of GDP,Annual,2022,19.606
BHS,Bahamas,Tax revenue,S13,General government,Total tax revenue,Percentage of GDP,Annual,2021,18.006
BHS,Bahamas,Tax revenue,S13,General government,Total tax revenue,Percentage of GDP,Annual,2020,18.424
BHS,Bahamas,Tax revenue,S13,General government,Total tax revenue,Percentage of GDP,Annual,2019,19.086
BHS,Bahamas,Tax revenue,S13,General government,Total tax revenue,Percentage of GDP,Annual,2018,16.901
BHS,Bahamas,Tax revenue,S13,General government,Total tax revenue,Percentage of GDP,Annual,2017,17.303
BHS,Bahamas,Tax revenue,S13,General government,Total tax revenue,Percentage of GDP,Annual,2016,16.37
BHS,Bahamas,Tax revenue,S13,General government,Total tax revenue,Percentage of GDP,Annual,2015,15.287
BHS,Bahamas,Tax revenue,S13,General government,Total tax revenue,Percentage of GDP,Annual,2014,13.709
TTO,Trinidad and Tobago,Tax revenue,S13,General government,Total tax revenue,Percentage of GDP,Annual,2015,26.834
TTO,Trinidad and Tobago,Tax revenue,S13,General government,Total tax revenue,Percentage of GDP,Annual,2014,27.425
TTO,Trinidad and Tobago,Tax revenue,S13,General government,Total tax revenue,Percentage of GDP,Annual,2013,26.732
TTO,Trinidad and Tobago,Tax revenue,S13,General government,Total tax revenue,Percentage of GDP,Annual,2022,23.668
TTO,Trinidad and Tobago,Tax revenue,S13,General government,Total tax revenue,Percentage of GDP,Annual,2021,22.364
TTO,Trinidad and Tobago,Tax revenue,S13,General government,Total tax revenue,Percentage of GDP,Annual,2020,22.107
TTO,Trinidad and Tobago,Tax revenue,S13,General government,Total tax revenue,Percentage of GDP,Annual,2019,24.334
TTO,Trinidad and Tobago,Tax revenue,S13,General government,Total tax revenue,Percentage of GDP,Annual,2018,22.804
TTO,Trinidad and Tobago,Tax revenue,S13,General government,Total tax revenue,Percentage of GDP,Annual,2017,19.733
KHM,Cambodia,Tax revenue,S13,General government,Total tax revenue,Percentage of GDP,Annual,2022,14.743
KHM,Cambodia,Tax revenue,S13,General government,Total tax revenue,Percentage of GDP,Annual,2021,13.18
KHM,Cambodia,Tax revenue,S13,General government,Total tax revenue,Percentage of GDP,Annual,2020,14.654
KHM,Cambodia,Tax revenue,S13,General government,Total tax revenue,Percentage of GDP,Annual,2019,15.989
KHM,Cambodia,Tax revenue,S13,General government,Total tax revenue,Percentage of GDP,Annual,2018,13.823
KHM,Cambodia,Tax revenue,S13,General government,Total tax revenue,Percentage of GDP,Annual,2017,12.777
KHM,Cambodia,Tax revenue,S13,General government,Total tax revenue,Percentage of GDP,Annual,2016,11.876
KHM,Cambodia,Tax revenue,S13,General government,Total tax revenue,Percentage of GDP,Annual,2015,11.663
KHM,Cambodia,Tax revenue,S13,General government,Total tax revenue,Percentage of GDP,Annual,2014,11.75
AUT,Austria,Tax revenue,S13,General government,Total tax revenue,Percentage of GDP,Annual,2022,43.181
AUT,Austria,Tax revenue,S13,General government,Total tax revenue,Percentage of GDP,Annual,2021,43.383
AUT,Austria,Tax revenue,S13,General government,Total tax revenue,Percentage of GDP,Annual,2020,42.102
AUT,Austria,Tax revenue,S13,General government,Total tax revenue,Percentage of GDP,Annual,2019,42.617
AUT,Austria,Tax revenue,S13,General government,Total tax revenue,Percentage of GDP,Annual,2018,42.261
AUT,Austria,Tax revenue,S13,General government,Total tax revenue,Percentage of GDP,Annual,2017,41.871
AUT,Austria,Tax revenue,S13,General government,Total tax revenue,Percentage of GDP,Annual,2016,41.753
AUT,Austria,Tax revenue,S13,General government,Total tax revenue,Percentage of GDP,Annual,2015,43.126
AUT,Austria,Tax revenue,S13,General government,Total tax revenue,Percentage of GDP,Annual,2014,42.699
ISL,Iceland,Tax revenue,S13,General government,Total tax revenue,Percentage of GDP,Annual,2022,35.166
ISL,Iceland,Tax revenue,S13,General government,Total tax revenue,Percentage of GDP,Annual,2021,34.797
ISL,Iceland,Tax revenue,S13,General government,Total tax revenue,Percentage of GDP,Annual,2020,36.225
ISL,Iceland,Tax revenue,S13,General government,Total tax revenue,Percentage of GDP,Annual,2019,35.094
ISL,Iceland,Tax revenue,S13,General government,Total tax revenue,Percentage of GDP,Annual,2018,36.457
ISL,Iceland,Tax revenue,S13,General government,Total tax revenue,Percentage of GDP,Annual,2017,37.13
ISL,Iceland,Tax revenue,S13,General government,Total tax revenue,Percentage of GDP,Annual,2016,50.286
ISL,Iceland,Tax revenue,S13,General government,Total tax revenue,Percentage of GDP,Annual,2015,35.139
ISL,Iceland,Tax revenue,S13,General government,Total tax revenue,Percentage of GDP,Annual,2014,37.111
EGY,Egypt,Tax revenue,S13,General government,Total tax revenue,Percentage of GDP,Annual,2022,14.188
EGY,Egypt,Tax revenue,S13,General government,Total tax revenue,Percentage of GDP,Annual,2021,14.103
EGY,Egypt,Tax revenue,S13,General government,Total tax revenue,Percentage of GDP,Annual,2020,13.573
EGY,Egypt,Tax revenue,S13,General government,Total tax revenue,Percentage of GDP,Annual,2019,15.19
EGY,Egypt,Tax revenue,S13,General government,Total tax revenue,Percentage of GDP,Annual,2018,15.518
EGY,Egypt,Tax revenue,S13,General government,Total tax revenue,Percentage of GDP,Annual,2017,14.892
EGY,Egypt,Tax revenue,S13,General government,Total tax revenue,Percentage of GDP,Annual,2016,15.023
EGY,Egypt,Tax revenue,S13,General government,Total tax revenue,Percentage of GDP,Annual,2015,13.919
EGY,Egypt,Tax revenue,S13,General government,Total tax revenue,Percentage of GDP,Annual,2014,14.01
SWE,Sweden,Tax revenue,S13,General government,Total tax revenue,Percentage of GDP,Annual,2022,42.512
SWE,Sweden,Tax revenue,S13,General government,Total tax revenue,Percentage of GDP,Annual,2021,42.761
SWE,Sweden,Tax revenue,S13,General government,Total tax revenue,Percentage of GDP,Annual,2020,42.58
SWE,Sweden,Tax revenue,S13,General government,Total tax revenue,Percentage of GDP,Annual,2019,42.971
SWE,Sweden,Tax revenue,S13,General government,Total tax revenue,Percentage of GDP,Annual,2018,44.11
SWE,Sweden,Tax revenue,S13,General government,Total tax revenue,Percentage of GDP,Annual,2017,44.495
SWE,Sweden,Tax revenue,S13,General government,Total tax revenue,Percentage of GDP,Annual,2016,44.219
SWE,Sweden,Tax revenue,S13,General government,Total tax revenue,Percentage of GDP,Annual,2015,42.918
SWE,Sweden,Tax revenue,S13,General government,Total tax revenue,Percentage of GDP,Annual,2014,42.49
UKR,Ukraine,Tax revenue,S13,General government,Total tax revenue,Percentage of GDP,Annual,2022,32.272
UKR,Ukraine,Tax revenue,S13,General government,Total tax revenue,Percentage of GDP,Annual,2021,31.485
UKR,Ukraine,Tax revenue,S13,General government,Total tax revenue,Percentage of GDP,Annual,2020,32.587
UKR,Ukraine,Tax revenue,S13,General government,Total tax revenue,Percentage of GDP,Annual,2019,32.498
UKR,Ukraine,Tax revenue,S13,General government,Total tax revenue,Percentage of GDP,Annual,2018,32.954
UKR,Ukraine,Tax revenue,S13,General government,Total tax revenue,Percentage of GDP,Annual,2017,32.15
UKR,Ukraine,Tax revenue,S13,General government,Total tax revenue,Percentage of GDP,Annual,2016,30.901
UKR,Ukraine,Tax revenue,S13,General government,Total tax revenue,Percentage of GDP,Annual,2015,33.263
UKR,Ukraine,Tax revenue,S13,General government,Total tax revenue,Percentage of GDP,Annual,2014,32.374
ITA,Italy,Tax revenue,S13,General government,Total tax revenue,Percentage of GDP,Annual,2022,42.837
ITA,Italy,Tax revenue,S13,General government,Total tax revenue,Percentage of GDP,Annual,2021,42.461
ITA,Italy,Tax revenue,S13,General government,Total tax revenue,Percentage of GDP,Annual,2020,42.582
ITA,Italy,Tax revenue,S13,General government,Total tax revenue,Percentage of GDP,Annual,2019,42.272
ITA,Italy,Tax revenue,S13,General government,Total tax revenue,Percentage of GDP,Annual,2018,41.731
ITA,Italy,Tax revenue,S13,General government,Total tax revenue,Percentage of GDP,Annual,2017,41.912
ITA,Italy,Tax revenue,S13,General government,Total tax revenue,Percentage of GDP,Annual,2016,42.242
ITA,Italy,Tax revenue,S13,General government,Total tax revenue,Percentage of GDP,Annual,2015,42.958
ITA,Italy,Tax revenue,S13,General government,Total tax revenue,Percentage of GDP,Annual,2014,43.325
BLZ,Belize,Tax revenue,S13,General government,Total tax revenue,Percentage of GDP,Annual,2022,22.121
BLZ,Belize,Tax revenue,S13,General government,Total tax revenue,Percentage of GDP,Annual,2021,21.565
BLZ,Belize,Tax revenue,S13,General government,Total tax revenue,Percentage of GDP,Annual,2020,21.416
BLZ,Belize,Tax revenue,S13,General government,Total tax revenue,Percentage of GDP,Annual,2019,24.72
BLZ,Belize,Tax revenue,S13,General government,Total tax revenue,Percentage of GDP,Annual,2018,24.129
BLZ,Belize,Tax revenue,S13,General government,Total tax revenue,Percentage of GDP,Annual,2017,22.985
BLZ,Belize,Tax revenue,S13,General government,Total tax revenue,Percentage of GDP,Annual,2016,22.184
BLZ,Belize,Tax revenue,S13,General government,Total tax revenue,Percentage of GDP,Annual,2015,21.305
BLZ,Belize,Tax revenue,S13,General government,Total tax revenue,Percentage of GDP,Annual,2014,21.506
MHL,Marshall Islands,Tax revenue,S13,General government,Total tax revenue,Percentage of GDP,Annual,2015,25.805
MHL,Marshall Islands,Tax revenue,S13,General government,Total tax revenue,Percentage of GDP,Annual,2014,24.452
MHL,Marshall Islands,Tax revenue,S13,General government,Total tax revenue,Percentage of GDP,Annual,2013,25.5
MHL,Marshall Islands,Tax revenue,S13,General government,Total tax revenue,Percentage of GDP,Annual,2022,26.108
MHL,Marshall Islands,Tax revenue,S13,General government,Total tax revenue,Percentage of GDP,Annual,2021,25.624
MHL,Marshall Islands,Tax revenue,S13,General government,Total tax revenue,Percentage of GDP,Annual,2020,26.4
MHL,Marshall Islands,Tax revenue,S13,General government,Total tax revenue,Percentage of GDP,Annual,2019,26.603
MHL,Marshall Islands,Tax revenue,S13,General government,Total tax revenue,Percentage of GDP,Annual,2018,26.906
MHL,Marshall Islands,Tax revenue,S13,General government,Total tax revenue,Percentage of GDP,Annual,2017,26.416
NOR,Norway,Tax revenue,S13,General government,Total tax revenue,Percentage of GDP,Annual,2022,43.437
NOR,Norway,Tax revenue,S13,General government,Total tax revenue,Percentage of GDP,Annual,2021,41.344
NOR,Norway,Tax revenue,S13,General government,Total tax revenue,Percentage of GDP,Annual,2020,38.714
NOR,Norway,Tax revenue,S13,General government,Total tax revenue,Percentage of GDP,Annual,2019,39.854
NOR,Norway,Tax revenue,S13,General government,Total tax revenue,Percentage of GDP,Annual,2018,39.253
NOR,Norway,Tax revenue,S13,General government,Total tax revenue,Percentage of GDP,Annual,2017,38.601
NOR,Norway,Tax revenue,S13,General government,Total tax revenue,Percentage of GDP,Annual,2016,38.807
NOR,Norway,Tax revenue,S13,General government,Total tax revenue,Percentage of GDP,Annual,2015,38.337
NOR,Norway,Tax revenue,S13,General government,Total tax revenue,Percentage of GDP,Annual,2014,38.637
MLI,Mali,Tax revenue,S13,General government,Total tax revenue,Percentage of GDP,Annual,2022,17.917
MLI,Mali,Tax revenue,S13,General government,Total tax revenue,Percentage of GDP,Annual,2021,19.839
MLI,Mali,Tax revenue,S13,General government,Total tax revenue,Percentage of GDP,Annual,2020,18.608
MLI,Mali,Tax revenue,S13,General government,Total tax revenue,Percentage of GDP,Annual,2019,18.106
MLI,Mali,Tax revenue,S13,General government,Total tax revenue,Percentage of GDP,Annual,2018,13.823
MLI,Mali,Tax revenue,S13,General government,Total tax revenue,Percentage of GDP,Annual,2017,17.259
MLI,Mali,Tax revenue,S13,General government,Total tax revenue,Percentage of GDP,Annual,2016,16.948
MLI,Mali,Tax revenue,S13,General government,Total tax revenue,Percentage of GDP,Annual,2015,15.582
MLI,Mali,Tax revenue,S13,General government,Total tax revenue,Percentage of GDP,Annual,2014,14.176
DEU,Germany,Tax revenue,S13,General government,Total tax revenue,Percentage of GDP,Annual,2022,39.647
DEU,Germany,Tax revenue,S13,General government,Total tax revenue,Percentage of GDP,Annual,2021,39.781
DEU,Germany,Tax revenue,S13,General government,Total tax revenue,Percentage of GDP,Annual,2020,38.652
DEU,Germany,Tax revenue,S13,General government,Total tax revenue,Percentage of GDP,Annual,2019,39.326
DEU,Germany,Tax revenue,S13,General government,Total tax revenue,Percentage of GDP,Annual,2018,39.196
DEU,Germany,Tax revenue,S13,General government,Total tax revenue,Percentage of GDP,Annual,2017,38.528
DEU,Germany,Tax revenue,S13,General government,Total tax revenue,Percentage of GDP,Annual,2016,38.518
DEU,Germany,Tax revenue,S13,General government,Total tax revenue,Percentage of GDP,Annual,2015,38.052
DEU,Germany,Tax revenue,S13,General government,Total tax revenue,Percentage of GDP,Annual,2014,37.614
JPN,Japan,Tax revenue,S13,General government,Total tax revenue,Percentage of GDP,Annual,2022,34.441
JPN,Japan,Tax revenue,S13,General government,Total tax revenue,Percentage of GDP,Annual,2021,33.883
JPN,Japan,Tax revenue,S13,General government,Total tax revenue,Percentage of GDP,Annual,2020,32.909
JPN,Japan,Tax revenue,S13,General government,Total tax revenue,Percentage of GDP,Annual,2019,31.507
JPN,Japan,Tax revenue,S13,General government,Total tax revenue,Percentage of GDP,Annual,2018,31.548
JPN,Japan,Tax revenue,S13,General government,Total tax revenue,Percentage of GDP,Annual,2017,30.916
JPN,Japan,Tax revenue,S13,General government,Total tax revenue,Percentage of GDP,Annual,2016,30.279
JPN,Japan,Tax revenue,S13,General government,Total tax revenue,Percentage of GDP,Annual,2015,30.242
JPN,Japan,Tax revenue,S13,General government,Total tax revenue,Percentage of GDP,Annual,2014,29.973
IDN,Indonesia,Tax revenue,S13,General government,Total tax revenue,Percentage of GDP,Annual,2022,12.068
IDN,Indonesia,Tax revenue,S13,General government,Total tax revenue,Percentage of GDP,Annual,2021,10.866
IDN,Indonesia,Tax revenue,S13,General government,Total tax revenue,Percentage of GDP,Annual,2020,10.071
IDN,Indonesia,Tax revenue,S13,General government,Total tax revenue,Percentage of GDP,Annual,2019,11.588
IDN,Indonesia,Tax revenue,S13,General government,Total tax revenue,Percentage of GDP,Annual,2018,11.973
IDN,Indonesia,Tax revenue,S13,General government,Total tax revenue,Percentage of GDP,Annual,2017,11.612
IDN,Indonesia,Tax revenue,S13,General government,Total tax revenue,Percentage of GDP,Annual,2016,12.009
IDN,Indonesia,Tax revenue,S13,General government,Total tax revenue,Percentage of GDP,Annual,2015,12.111
IDN,Indonesia,Tax revenue,S13,General government,Total tax revenue,Percentage of GDP,Annual,2014,12.163
VUT,Vanuatu,Tax revenue,S13,General government,Total tax revenue,Percentage of GDP,Annual,2022,16.098
VUT,Vanuatu,Tax revenue,S13,General government,Total tax revenue,Percentage of GDP,Annual,2021,11.097
VUT,Vanuatu,Tax revenue,S13,General government,Total tax revenue,Percentage of GDP,Annual,2020,14.04
VUT,Vanuatu,Tax revenue,S13,General government,Total tax revenue,Percentage of GDP,Annual,2019,16.989
VUT,Vanuatu,Tax revenue,S13,General government,Total tax revenue,Percentage of GDP,Annual,2018,17.838
VUT,Vanuatu,Tax revenue,S13,General government,Total tax revenue,Percentage of GDP,Annual,2017,17.125
VUT,Vanuatu,Tax revenue,S13,General government,Total tax revenue,Percentage of GDP,Annual,2016,15.73
VUT,Vanuatu,Tax revenue,S13,General government,Total tax revenue,Percentage of GDP,Annual,2015,16.919
VUT,Vanuatu,Tax revenue,S13,General government,Total tax revenue,Percentage of GDP,Annual,2014,18.323
LAO,Lao People’s Democratic Republic,Tax revenue,S13,General government,Total tax revenue,Percentage of GDP,Annual,2022,10.321
LAO,Lao People’s Democratic Republic,Tax revenue,S13,General government,Total tax revenue,Percentage of GDP,Annual,2021,9.603
LAO,Lao People’s Democratic Republic,Tax revenue,S13,General government,Total tax revenue,Percentage of GDP,Annual,2020,9.171
LAO,Lao People’s Democratic Republic,Tax revenue,S13,General government,Total tax revenue,Percentage of GDP,Annual,2019,10.538
LAO,Lao People’s Democratic Republic,Tax revenue,S13,General government,Total tax revenue,Percentage of GDP,Annual,2018,10.868
LAO,Lao People’s Democratic Republic,Tax revenue,S13,General government,Total tax revenue,Percentage of GDP,Annual,2017,11.039
LAO,Lao People’s Democratic Republic,Tax revenue,S13,General government,Total tax revenue,Percentage of GDP,Annual,2016,11.907
LAO,Lao People’s Democratic Republic,Tax revenue,S13,General government,Total tax revenue,Percentage of GDP,Annual,2015,12.553
LAO,Lao People’s Democratic Republic,Tax revenue,S13,General government,Total tax revenue,Percentage of GDP,Annual,2014,12.285
BRB,Barbados,Tax revenue,S13,General government,Total tax revenue,Percentage of GDP,Annual,2022,30.507
BRB,Barbados,Tax revenue,S13,General government,Total tax revenue,Percentage of GDP,Annual,2021,31.883
BRB,Barbados,Tax revenue,S13,General government,Total tax revenue,Percentage of GDP,Annual,2020,33.43
BRB,Barbados,Tax revenue,S13,General government,Total tax revenue,Percentage of GDP,Annual,2019,32.308
BRB,Barbados,Tax revenue,S13,General government,Total tax revenue,Percentage of GDP,Annual,2018,33.312
BRB,Barbados,Tax revenue,S13,General government,Total tax revenue,Percentage of GDP,Annual,2017,32.731
BRB,Barbados,Tax revenue,S13,General government,Total tax revenue,Percentage of GDP,Annual,2016,31.076
BRB,Barbados,Tax revenue,S13,General government,Total tax revenue,Percentage of GDP,Annual,2015,30.443
BRB,Barbados,Tax revenue,S13,General government,Total tax revenue,Percentage of GDP,Annual,2014,28.86
ESP,Spain,Tax revenue,S13,General government,Total tax revenue,Percentage of GDP,Annual,2022,37.59
ESP,Spain,Tax revenue,S13,General government,Total tax revenue,Percentage of GDP,Annual,2021,37.813
ESP,Spain,Tax revenue,S13,General government,Total tax revenue,Percentage of GDP,Annual,2020,36.844
ESP,Spain,Tax revenue,S13,General government,Total tax revenue,Percentage of GDP,Annual,2019,34.663
ESP,Spain,Tax revenue,S13,General government,Total tax revenue,Percentage of GDP,Annual,2018,34.645
ESP,Spain,Tax revenue,S13,General government,Total tax revenue,Percentage of GDP,Annual,2017,33.852
ESP,Spain,Tax revenue,S13,General government,Total tax revenue,Percentage of GDP,Annual,2016,33.58
ESP,Spain,Tax revenue,S13,General government,Total tax revenue,Percentage of GDP,Annual,2015,33.827
ESP,Spain,Tax revenue,S13,General government,Total tax revenue,Percentage of GDP,Annual,2014,33.872
PNG,Papua New Guinea,Tax revenue,S13,General government,Total tax revenue,Percentage of GDP,Annual,2022,14.791
PNG,Papua New Guinea,Tax revenue,S13,General government,Total tax revenue,Percentage of GDP,Annual,2021,12.147
PNG,Papua New Guinea,Tax revenue,S13,General government,Total tax revenue,Percentage of GDP,Annual,2020,11.879
PNG,Papua New Guinea,Tax revenue,S13,General government,Total tax revenue,Percentage of GDP,Annual,2019,13.022
PNG,Papua New Guinea,Tax revenue,S13,General government,Total tax revenue,Percentage of GDP,Annual,2018,13.193
PNG,Papua New Guinea,Tax revenue,S13,General government,Total tax revenue,Percentage of GDP,Annual,2017,12.605
PNG,Papua New Guinea,Tax revenue,S13,General government,Total tax revenue,Percentage of GDP,Annual,2016,12.949
PNG,Papua New Guinea,Tax revenue,S13,General government,Total tax revenue,Percentage of GDP,Annual,2015,15.201
PNG,Papua New Guinea,Tax revenue,S13,General government,Total tax revenue,Percentage of GDP,Annual,2014,17.993
LUX,Luxembourg,Tax revenue,S13,General government,Total tax revenue,Percentage of GDP,Annual,2022,38.257
LUX,Luxembourg,Tax revenue,S13,General government,Total tax revenue,Percentage of GDP,Annual,2021,38.187
LUX,Luxembourg,Tax revenue,S13,General government,Total tax revenue,Percentage of GDP,Annual,2020,38.272
LUX,Luxembourg,Tax revenue,S13,General government,Total tax revenue,Percentage of GDP,Annual,2019,39.509
LUX,Luxembourg,Tax revenue,S13,General government,Total tax revenue,Percentage of GDP,Annual,2018,39.355
LUX,Luxembourg,Tax revenue,S13,General government,Total tax revenue,Percentage of GDP,Annual,2017,36.649
LUX,Luxembourg,Tax revenue,S13,General government,Total tax revenue,Percentage of GDP,Annual,2016,35.461
LUX,Luxembourg,Tax revenue,S13,General government,Total tax revenue,Percentage of GDP,Annual,2015,34.777
LUX,Luxembourg,Tax revenue,S13,General government,Total tax revenue,Percentage of GDP,Annual,2014,36.08
COL,Colombia,Tax revenue,S13,General government,Total tax revenue,Percentage of GDP,Annual,2022,19.652
COL,Colombia,Tax revenue,S13,General government,Total tax revenue,Percentage of GDP,Annual,2021,19.193
COL,Colombia,Tax revenue,S13,General government,Total tax revenue,Percentage of GDP,Annual,2020,18.773
COL,Colombia,Tax revenue,S13,General government,Total tax revenue,Percentage of GDP,Annual,2019,19.692
COL,Colombia,Tax revenue,S13,General government,Total tax revenue,Percentage of GDP,Annual,2018,19.265
COL,Colombia,Tax revenue,S13,General government,Total tax revenue,Percentage of GDP,Annual,2017,18.983
COL,Colombia,Tax revenue,S13,General government,Total tax revenue,Percentage of GDP,Annual,2016,19.079
COL,Colombia,Tax revenue,S13,General government,Total tax revenue,Percentage of GDP,Annual,2015,19.903
COL,Colombia,Tax revenue,S13,General government,Total tax revenue,Percentage of GDP,Annual,2014,19.55
NRU,Nauru,Tax revenue,S13,General government,Total tax revenue,Percentage of GDP,Annual,2014,9.365
NRU,Nauru,Tax revenue,S13,General government,Total tax revenue,Percentage of GDP,Annual,2022,29.154
NRU,Nauru,Tax revenue,S13,General government,Total tax revenue,Percentage of GDP,Annual,2021,35.873
NRU,Nauru,Tax revenue,S13,General government,Total tax revenue,Percentage of GDP,Annual,2020,34.474
NRU,Nauru,Tax revenue,S13,General government,Total tax revenue,Percentage of GDP,Annual,2019,43.022
NRU,Nauru,Tax revenue,S13,General government,Total tax revenue,Percentage of GDP,Annual,2018,32.323
NRU,Nauru,Tax revenue,S13,General government,Total tax revenue,Percentage of GDP,Annual,2017,24.904
NRU,Nauru,Tax revenue,S13,General government,Total tax revenue,Percentage of GDP,Annual,2016,14.8
MEX,Mexico,Tax revenue,S13,General government,Total tax revenue,Percentage of GDP,Annual,2022,16.801
MEX,Mexico,Tax revenue,S13,General government,Total tax revenue,Percentage of GDP,Annual,2021,16.726
MEX,Mexico,Tax revenue,S13,General government,Total tax revenue,Percentage of GDP,Annual,2020,17.228
MEX,Mexico,Tax revenue,S13,General government,Total tax revenue,Percentage of GDP,Annual,2019,15.892
MEX,Mexico,Tax revenue,S13,General government,Total tax revenue,Percentage of GDP,Annual,2018,15.709
MEX,Mexico,Tax revenue,S13,General government,Total tax revenue,Percentage of GDP,Annual,2017,15.651
MEX,Mexico,Tax revenue,S13,General government,Total tax revenue,Percentage of GDP,Annual,2016,16.106
MEX,Mexico,Tax revenue,S13,General government,Total tax revenue,Percentage of GDP,Annual,2015,15.36
MEX,Mexico,Tax revenue,S13,General government,Total tax revenue,Percentage of GDP,Annual,2014,13.201
NIC,Nicaragua,Tax revenue,S13,General government,Total tax revenue,Percentage of GDP,Annual,2022,27.779
NIC,Nicaragua,Tax revenue,S13,General government,Total tax revenue,Percentage of GDP,Annual,2021,27.037
NIC,Nicaragua,Tax revenue,S13,General government,Total tax revenue,Percentage of GDP,Annual,2020,25.413
NIC,Nicaragua,Tax revenue,S13,General government,Total tax revenue,Percentage of GDP,Annual,2019,25.518
NIC,Nicaragua,Tax revenue,S13,General government,Total tax revenue,Percentage of GDP,Annual,2018,23.227
NIC,Nicaragua,Tax revenue,S13,General government,Total tax revenue,Percentage of GDP,Annual,2017,23.849
NIC,Nicaragua,Tax revenue,S13,General government,Total tax revenue,Percentage of GDP,Annual,2016,23.269
NIC,Nicaragua,Tax revenue,S13,General government,Total tax revenue,Percentage of GDP,Annual,2015,22.308
NIC,Nicaragua,Tax revenue,S13,General government,Total tax revenue,Percentage of GDP,Annual,2014,21.763
LTU,Lithuania,Tax revenue,S13,General government,Total tax revenue,Percentage of GDP,Annual,2022,31.555
LTU,Lithuania,Tax revenue,S13,General government,Total tax revenue,Percentage of GDP,Annual,2021,31.895
LTU,Lithuania,Tax revenue,S13,General government,Total tax revenue,Percentage of GDP,Annual,2020,31.244
LTU,Lithuania,Tax revenue,S13,General government,Total tax revenue,Percentage of GDP,Annual,2019,30.217
LTU,Lithuania,Tax revenue,S13,General government,Total tax revenue,Percentage of GDP,Annual,2018,30.238
LTU,Lithuania,Tax revenue,S13,General government,Total tax revenue,Percentage of GDP,Annual,2017,29.61
LTU,Lithuania,Tax revenue,S13,General government,Total tax revenue,Percentage of GDP,Annual,2016,29.656
LTU,Lithuania,Tax revenue,S13,General government,Total tax revenue,Percentage of GDP,Annual,2015,28.942
LTU,Lithuania,Tax revenue,S13,General government,Total tax revenue,Percentage of GDP,Annual,2014,27.477
TGO,Togo,Tax revenue,S13,General government,Total tax revenue,Percentage of GDP,Annual,2022,17.434
TGO,Togo,Tax revenue,S13,General government,Total tax revenue,Percentage of GDP,Annual,2021,17.157
TGO,Togo,Tax revenue,S13,General government,Total tax revenue,Percentage of GDP,Annual,2020,15.749
TGO,Togo,Tax revenue,S13,General government,Total tax revenue,Percentage of GDP,Annual,2019,15.487
TGO,Togo,Tax revenue,S13,General government,Total tax revenue,Percentage of GDP,Annual,2018,14.766
TGO,Togo,Tax revenue,S13,General government,Total tax revenue,Percentage of GDP,Annual,2017,15.791
TGO,Togo,Tax revenue,S13,General government,Total tax revenue,Percentage of GDP,Annual,2016,16.31
TGO,Togo,Tax revenue,S13,General government,Total tax revenue,Percentage of GDP,Annual,2015,15.68
TGO,Togo,Tax revenue,S13,General government,Total tax revenue,Percentage of GDP,Annual,2014,14.936
COK,Cook Islands,Tax revenue,S13,General government,Total tax revenue,Percentage of GDP,Annual,2018,28.354
COK,Cook Islands,Tax revenue,S13,General government,Total tax revenue,Percentage of GDP,Annual,2017,27.057
COK,Cook Islands,Tax revenue,S13,General government,Total tax revenue,Percentage of GDP,Annual,2016,27.57
COK,Cook Islands,Tax revenue,S13,General government,Total tax revenue,Percentage of GDP,Annual,2015,26.94
COK,Cook Islands,Tax revenue,S13,General government,Total tax revenue,Percentage of GDP,Annual,2014,21.968
COK,Cook Islands,Tax revenue,S13,General government,Total tax revenue,Percentage of GDP,Annual,2013,25.082
COK,Cook Islands,Tax revenue,S13,General government,Total tax revenue,Percentage of GDP,Annual,2022,22.116
COK,Cook Islands,Tax revenue,S13,General government,Total tax revenue,Percentage of GDP,Annual,2021,26.851
COK,Cook Islands,Tax revenue,S13,General government,Total tax revenue,Percentage of GDP,Annual,2020,25.823
BGR,Bulgaria,Tax revenue,S13,General government,Total tax revenue,Percentage of GDP,Annual,2022,31.161
BGR,Bulgaria,Tax revenue,S13,General government,Total tax revenue,Percentage of GDP,Annual,2021,30.804
BGR,Bulgaria,Tax revenue,S13,General government,Total tax revenue,Percentage of GDP,Annual,2020,30.498
BGR,Bulgaria,Tax revenue,S13,General government,Total tax revenue,Percentage of GDP,Annual,2019,30.354
BGR,Bulgaria,Tax revenue,S13,General government,Total tax revenue,Percentage of GDP,Annual,2018,29.684
BGR,Bulgaria,Tax revenue,S13,General government,Total tax revenue,Percentage of GDP,Annual,2017,29.841
BGR,Bulgaria,Tax revenue,S13,General government,Total tax revenue,Percentage of GDP,Annual,2016,29.184
BGR,Bulgaria,Tax revenue,S13,General government,Total tax revenue,Percentage of GDP,Annual,2015,28.863
BGR,Bulgaria,Tax revenue,S13,General government,Total tax revenue,Percentage of GDP,Annual,2014,28.399
GUY,Guyana,Tax revenue,S13,General government,Total tax revenue,Percentage of GDP,Annual,2022,10.57
GUY,Guyana,Tax revenue,S13,General government,Total tax revenue,Percentage of GDP,Annual,2021,16.843
GUY,Guyana,Tax revenue,S13,General government,Total tax revenue,Percentage of GDP,Annual,2020,21.346
GUY,Guyana,Tax revenue,S13,General government,Total tax revenue,Percentage of GDP,Annual,2019,23.198
GUY,Guyana,Tax revenue,S13,General government,Total tax revenue,Percentage of GDP,Annual,2018,22.165
GUY,Guyana,Tax revenue,S13,General government,Total tax revenue,Percentage of GDP,Annual,2017,19.532
GUY,Guyana,Tax revenue,S13,General government,Total tax revenue,Percentage of GDP,Annual,2016,18.398
GUY,Guyana,Tax revenue,S13,General government,Total tax revenue,Percentage of GDP,Annual,2015,18.092
GUY,Guyana,Tax revenue,S13,General government,Total tax revenue,Percentage of GDP,Annual,2014,17.765
ROU,Romania,Tax revenue,S13,General government,Total tax revenue,Percentage of GDP,Annual,2022,26.859
ROU,Romania,Tax revenue,S13,General government,Total tax revenue,Percentage of GDP,Annual,2021,26.322
ROU,Romania,Tax revenue,S13,General government,Total tax revenue,Percentage of GDP,Annual,2020,26.048
ROU,Romania,Tax revenue,S13,General government,Total tax revenue,Percentage of GDP,Annual,2019,25.906
ROU,Romania,Tax revenue,S13,General government,Total tax revenue,Percentage of GDP,Annual,2018,25.745
ROU,Romania,Tax revenue,S13,General government,Total tax revenue,Percentage of GDP,Annual,2017,25.052
ROU,Romania,Tax revenue,S13,General government,Total tax revenue,Percentage of GDP,Annual,2016,26.251
ROU,Romania,Tax revenue,S13,General government,Total tax revenue,Percentage of GDP,Annual,2015,27.997
ROU,Romania,Tax revenue,S13,General government,Total tax revenue,Percentage of GDP,Annual,2014,27.464
KGZ,Kyrgyzstan,Tax revenue,S13,General government,Total tax revenue,Percentage of GDP,Annual,2022,22.048
KGZ,Kyrgyzstan,Tax revenue,S13,General government,Total tax revenue,Percentage of GDP,Annual,2021,18.927
KGZ,Kyrgyzstan,Tax revenue,S13,General government,Total tax revenue,Percentage of GDP,Annual,2020,16.4
KGZ,Kyrgyzstan,Tax revenue,S13,General government,Total tax revenue,Percentage of GDP,Annual,2019,18.358
KGZ,Kyrgyzstan,Tax revenue,S13,General government,Total tax revenue,Percentage of GDP,Annual,2018,20.282
KGZ,Kyrgyzstan,Tax revenue,S13,General government,Total tax revenue,Percentage of GDP,Annual,2017,19.263
KGZ,Kyrgyzstan,Tax revenue,S13,General government,Total tax revenue,Percentage of GDP,Annual,2016,19.509
KGZ,Kyrgyzstan,Tax revenue,S13,General government,Total tax revenue,Percentage of GDP,Annual,2015,19.102
KGZ,Kyrgyzstan,Tax revenue,S13,General government,Total tax revenue,Percentage of GDP,Annual,2014,20.437
COD,Democratic Republic of the Congo,Tax revenue,S13,General government,Total tax revenue,Percentage of GDP,Annual,2022,12.506
COD,Democratic Republic of the Congo,Tax revenue,S13,General government,Total tax revenue,Percentage of GDP,Annual,2021,8.863
COD,Democratic Republic of the Congo,Tax revenue,S13,General government,Total tax revenue,Percentage of GDP,Annual,2020,7.2
COD,Democratic Republic of the Congo,Tax revenue,S13,General government,Total tax revenue,Percentage of GDP,Annual,2019,7.609
COD,Democratic Republic of the Congo,Tax revenue,S13,General government,Total tax revenue,Percentage of GDP,Annual,2018,7.608
COD,Democratic Republic of the Congo,Tax revenue,S13,General government,Total tax revenue,Percentage of GDP,Annual,2017,6.737
COD,Democratic Republic of the Congo,Tax revenue,S13,General government,Total tax revenue,Percentage of GDP,Annual,2016,8.306
COD,Democratic Republic of the Congo,Tax revenue,S13,General government,Total tax revenue,Percentage of GDP,Annual,2015,9.379
COD,Democratic Republic of the Congo,Tax revenue,S13,General government,Total tax revenue,Percentage of GDP,Annual,2014,9.069
A9,Latin America and the Caribbean,Tax revenue,S13,General government,Total tax revenue,Percentage of GDP,Annual,2022,21.541
A9,Latin America and the Caribbean,Tax revenue,S13,General government,Total tax revenue,Percentage of GDP,Annual,2021,21.26
A9,Latin America and the Caribbean,Tax revenue,S13,General government,Total tax revenue,Percentage of GDP,Annual,2020,20.969
A9,Latin America and the Caribbean,Tax revenue,S13,General government,Total tax revenue,Percentage of GDP,Annual,2019,21.646
A9,Latin America and the Caribbean,Tax revenue,S13,General government,Total tax revenue,Percentage of GDP,Annual,2018,21.487
A9,Latin America and the Caribbean,Tax revenue,S13,General government,Total tax revenue,Percentage of GDP,Annual,2017,21.175
A9,Latin America and the Caribbean,Tax revenue,S13,General government,Total tax revenue,Percentage of GDP,Annual,2016,21.164
A9,Latin America and the Caribbean,Tax revenue,S13,General government,Total tax revenue,Percentage of GDP,Annual,2015,21.298
A9,Latin America and the Caribbean,Tax revenue,S13,General government,Total tax revenue,Percentage of GDP,Annual,2014,20.851
CMR,Cameroon,Tax revenue,S13,General government,Total tax revenue,Percentage of GDP,Annual,2022,14.041
CMR,Cameroon,Tax revenue,S13,General government,Total tax revenue,Percentage of GDP,Annual,2021,13.337
CMR,Cameroon,Tax revenue,S13,General government,Total tax revenue,Percentage of GDP,Annual,2020,12.833
CMR,Cameroon,Tax revenue,S13,General government,Total tax revenue,Percentage of GDP,Annual,2019,13.863
CMR,Cameroon,Tax revenue,S13,General government,Total tax revenue,Percentage of GDP,Annual,2018,14.171
CMR,Cameroon,Tax revenue,S13,General government,Total tax revenue,Percentage of GDP,Annual,2017,14.003
CMR,Cameroon,Tax revenue,S13,General government,Total tax revenue,Percentage of GDP,Annual,2016,13.693
CMR,Cameroon,Tax revenue,S13,General government,Total tax revenue,Percentage of GDP,Annual,2015,14.115
CMR,Cameroon,Tax revenue,S13,General government,Total tax revenue,Percentage of GDP,Annual,2014,13.837
CHE,Switzerland,Tax revenue,S13,General government,Total tax revenue,Percentage of GDP,Annual,2022,26.91
CHE,Switzerland,Tax revenue,S13,General government,Total tax revenue,Percentage of GDP,Annual,2021,28.035
CHE,Switzerland,Tax revenue,S13,General government,Total tax revenue,Percentage of GDP,Annual,2020,27.912
CHE,Switzerland,Tax revenue,S13,General government,Total tax revenue,Percentage of GDP,Annual,2019,27.66
CHE,Switzerland,Tax revenue,S13,General government,Total tax revenue,Percentage of GDP,Annual,2018,27.182
CHE,Switzerland,Tax revenue,S13,General government,Total tax revenue,Percentage of GDP,Annual,2017,27.716
CHE,Switzerland,Tax revenue,S13,General government,Total tax revenue,Percentage of GDP,Annual,2016,26.938
CHE,Switzerland,Tax revenue,S13,General government,Total tax revenue,Percentage of GDP,Annual,2015,26.956
CHE,Switzerland,Tax revenue,S13,General government,Total tax revenue,Percentage of GDP,Annual,2014,26.189
POL,Poland,Tax revenue,S13,General government,Total tax revenue,Percentage of GDP,Annual,2022,34.38
POL,Poland,Tax revenue,S13,General government,Total tax revenue,Percentage of GDP,Annual,2021,36.698
POL,Poland,Tax revenue,S13,General government,Total tax revenue,Percentage of GDP,Annual,2020,35.56
POL,Poland,Tax revenue,S13,General government,Total tax revenue,Percentage of GDP,Annual,2019,35.178
POL,Poland,Tax revenue,S13,General government,Total tax revenue,Percentage of GDP,Annual,2018,35.061
POL,Poland,Tax revenue,S13,General government,Total tax revenue,Percentage of GDP,Annual,2017,34.239
POL,Poland,Tax revenue,S13,General government,Total tax revenue,Percentage of GDP,Annual,2016,33.556
POL,Poland,Tax revenue,S13,General government,Total tax revenue,Percentage of GDP,Annual,2015,32.474
POL,Poland,Tax revenue,S13,General government,Total tax revenue,Percentage of GDP,Annual,2014,32.272
LSO,Lesotho,Tax revenue,S13,General government,Total tax revenue,Percentage of GDP,Annual,2022,21.313
LSO,Lesotho,Tax revenue,S13,General government,Total tax revenue,Percentage of GDP,Annual,2021,21.717
LSO,Lesotho,Tax revenue,S13,General government,Total tax revenue,Percentage of GDP,Annual,2020,19.775
LSO,Lesotho,Tax revenue,S13,General government,Total tax revenue,Percentage of GDP,Annual,2019,21.097
LSO,Lesotho,Tax revenue,S13,General government,Total tax revenue,Percentage of GDP,Annual,2018,21.434
LSO,Lesotho,Tax revenue,S13,General government,Total tax revenue,Percentage of GDP,Annual,2017,19.344
LSO,Lesotho,Tax revenue,S13,General government,Total tax revenue,Percentage of GDP,Annual,2016,19.332
LSO,Lesotho,Tax revenue,S13,General government,Total tax revenue,Percentage of GDP,Annual,2015,19.345
LSO,Lesotho,Tax revenue,S13,General government,Total tax revenue,Percentage of GDP,Annual,2014,18.916
SOM,Somalia,Tax revenue,S13,General government,Total tax revenue,Percentage of GDP,Annual,2015,1.228
SOM,Somalia,Tax revenue,S13,General government,Total tax revenue,Percentage of GDP,Annual,2014,1.148
SOM,Somalia,Tax revenue,S13,General government,Total tax revenue,Percentage of GDP,Annual,2013,1.107
SOM,Somalia,Tax revenue,S13,General government,Total tax revenue,Percentage of GDP,Annual,2022,2.583
SOM,Somalia,Tax revenue,S13,General government,Total tax revenue,Percentage of GDP,Annual,2021,2.516
SOM,Somalia,Tax revenue,S13,General government,Total tax revenue,Percentage of GDP,Annual,2020,2.363
SOM,Somalia,Tax revenue,S13,General government,Total tax revenue,Percentage of GDP,Annual,2019,2.027
SOM,Somalia,Tax revenue,S13,General government,Total tax revenue,Percentage of GDP,Annual,2018,1.655
SOM,Somalia,Tax revenue,S13,General government,Total tax revenue,Percentage of GDP,Annual,2017,1.358
NER,Niger,Tax revenue,S13,General government,Total tax revenue,Percentage of GDP,Annual,2022,9.584
NER,Niger,Tax revenue,S13,General government,Total tax revenue,Percentage of GDP,Annual,2021,10.453
NER,Niger,Tax revenue,S13,General government,Total tax revenue,Percentage of GDP,Annual,2020,9.784
NER,Niger,Tax revenue,S13,General government,Total tax revenue,Percentage of GDP,Annual,2019,10.391
NER,Niger,Tax revenue,S13,General government,Total tax revenue,Percentage of GDP,Annual,2018,11.198
NER,Niger,Tax revenue,S13,General government,Total tax revenue,Percentage of GDP,Annual,2017,9.476
NER,Niger,Tax revenue,S13,General government,Total tax revenue,Percentage of GDP,Annual,2016,10.248
NER,Niger,Tax revenue,S13,General government,Total tax revenue,Percentage of GDP,Annual,2015,12.304
NER,Niger,Tax revenue,S13,General government,Total tax revenue,Percentage of GDP,Annual,2014,12.146
BRA,Brazil,Tax revenue,S13,General government,Total tax revenue,Percentage of GDP,Annual,2022,33.271
BRA,Brazil,Tax revenue,S13,General government,Total tax revenue,Percentage of GDP,Annual,2021,32.507
BRA,Brazil,Tax revenue,S13,General government,Total tax revenue,Percentage of GDP,Annual,2020,30.453
BRA,Brazil,Tax revenue,S13,General government,Total tax revenue,Percentage of GDP,Annual,2019,31.932
BRA,Brazil,Tax revenue,S13,General government,Total tax revenue,Percentage of GDP,Annual,2018,31.986
BRA,Brazil,Tax revenue,S13,General government,Total tax revenue,Percentage of GDP,Annual,2017,31.731
BRA,Brazil,Tax revenue,S13,General government,Total tax revenue,Percentage of GDP,Annual,2016,31.616
BRA,Brazil,Tax revenue,S13,General government,Total tax revenue,Percentage of GDP,Annual,2015,31.343
BRA,Brazil,Tax revenue,S13,General government,Total tax revenue,Percentage of GDP,Annual,2014,31.113
PAN,Panama,Tax revenue,S13,General government,Total tax revenue,Percentage of GDP,Annual,2022,13.118
PAN,Panama,Tax revenue,S13,General government,Total tax revenue,Percentage of GDP,Annual,2021,12.026
PAN,Panama,Tax revenue,S13,General government,Total tax revenue,Percentage of GDP,Annual,2020,12.683
PAN,Panama,Tax revenue,S13,General government,Total tax revenue,Percentage of GDP,Annual,2019,13.456
PAN,Panama,Tax revenue,S13,General government,Total tax revenue,Percentage of GDP,Annual,2018,14.312
PAN,Panama,Tax revenue,S13,General government,Total tax revenue,Percentage of GDP,Annual,2017,15.056
PAN,Panama,Tax revenue,S13,General government,Total tax revenue,Percentage of GDP,Annual,2016,15.549
PAN,Panama,Tax revenue,S13,General government,Total tax revenue,Percentage of GDP,Annual,2015,15.147
PAN,Panama,Tax revenue,S13,General government,Total tax revenue,Percentage of GDP,Annual,2014,15.689
CUB,Cuba,Tax revenue,S13,General government,Total tax revenue,Percentage of GDP,Annual,2022,18.32
CUB,Cuba,Tax revenue,S13,General government,Total tax revenue,Percentage of GDP,Annual,2021,17.703
CUB,Cuba,Tax revenue,S13,General government,Total tax revenue,Percentage of GDP,Annual,2020,37.506
CUB,Cuba,Tax revenue,S13,General government,Total tax revenue,Percentage of GDP,Annual,2019,42.062
CUB,Cuba,Tax revenue,S13,General government,Total tax revenue,Percentage of GDP,Annual,2018,42.285
CUB,Cuba,Tax revenue,S13,General government,Total tax revenue,Percentage of GDP,Annual,2017,42.355
CUB,Cuba,Tax revenue,S13,General government,Total tax revenue,Percentage of GDP,Annual,2016,41.148
CUB,Cuba,Tax revenue,S13,General government,Total tax revenue,Percentage of GDP,Annual,2015,38.083
CUB,Cuba,Tax revenue,S13,General government,Total tax revenue,Percentage of GDP,Annual,2014,37.121
BOL,Bolivia,Tax revenue,S13,General government,Total tax revenue,Percentage of GDP,Annual,2022,23.681
BOL,Bolivia,Tax revenue,S13,General government,Total tax revenue,Percentage of GDP,Annual,2021,22.637
BOL,Bolivia,Tax revenue,S13,General government,Total tax revenue,Percentage of GDP,Annual,2020,22.159
BOL,Bolivia,Tax revenue,S13,General government,Total tax revenue,Percentage of GDP,Annual,2019,24.695
BOL,Bolivia,Tax revenue,S13,General government,Total tax revenue,Percentage of GDP,Annual,2018,24.978
BOL,Bolivia,Tax revenue,S13,General government,Total tax revenue,Percentage of GDP,Annual,2017,25.878
BOL,Bolivia,Tax revenue,S13,General government,Total tax revenue,Percentage of GDP,Annual,2016,27.925
BOL,Bolivia,Tax revenue,S13,General government,Total tax revenue,Percentage of GDP,Annual,2015,29.498
BOL,Bolivia,Tax revenue,S13,General government,Total tax revenue,Percentage of GDP,Annual,2014,27.854
SYC,Seychelles,Tax revenue,S13,General government,Total tax revenue,Percentage of GDP,Annual,2022,27.233
SYC,Seychelles,Tax revenue,S13,General government,Total tax revenue,Percentage of GDP,Annual,2021,28.425
SYC,Seychelles,Tax revenue,S13,General government,Total tax revenue,Percentage of GDP,Annual,2020,27.805
SYC,Seychelles,Tax revenue,S13,General government,Total tax revenue,Percentage of GDP,Annual,2019,29.046
SYC,Seychelles,Tax revenue,S13,General government,Total tax revenue,Percentage of GDP,Annual,2018,30.122
SYC,Seychelles,Tax revenue,S13,General government,Total tax revenue,Percentage of GDP,Annual,2017,29.414
SYC,Seychelles,Tax revenue,S13,General government,Total tax revenue,Percentage of GDP,Annual,2016,29.286
SYC,Seychelles,Tax revenue,S13,General government,Total tax revenue,Percentage of GDP,Annual,2015,28.705
SYC,Seychelles,Tax revenue,S13,General government,Total tax revenue,Percentage of GDP,Annual,2014,29.582
FRA,France,Tax revenue,S13,General government,Total tax revenue,Percentage of GDP,Annual,2022,45.774
FRA,France,Tax revenue,S13,General government,Total tax revenue,Percentage of GDP,Annual,2021,45.059
FRA,France,Tax revenue,S13,General government,Total tax revenue,Percentage of GDP,Annual,2020,45.239
FRA,France,Tax revenue,S13,General government,Total tax revenue,Percentage of GDP,Annual,2019,45.024
FRA,France,Tax revenue,S13,General government,Total tax revenue,Percentage of GDP,Annual,2018,46.022
FRA,France,Tax revenue,S13,General government,Total tax revenue,Percentage of GDP,Annual,2017,46.239
FRA,France,Tax revenue,S13,General government,Total tax revenue,Percentage of GDP,Annual,2016,45.397
FRA,France,Tax revenue,S13,General government,Total tax revenue,Percentage of GDP,Annual,2015,45.363
FRA,France,Tax revenue,S13,General government,Total tax revenue,Percentage of GDP,Annual,2014,45.406
TKL,Tokelau,Tax revenue,S13,General government,Total tax revenue,Percentage of GDP,Annual,2022,15.959
TKL,Tokelau,Tax revenue,S13,General government,Total tax revenue,Percentage of GDP,Annual,2021,18.36
TKL,Tokelau,Tax revenue,S13,General government,Total tax revenue,Percentage of GDP,Annual,2020,17.147
TKL,Tokelau,Tax revenue,S13,General government,Total tax revenue,Percentage of GDP,Annual,2019,16.712
TKL,Tokelau,Tax revenue,S13,General government,Total tax revenue,Percentage of GDP,Annual,2018,16.713
TKL,Tokelau,Tax revenue,S13,General government,Total tax revenue,Percentage of GDP,Annual,2017,16.787
TKL,Tokelau,Tax revenue,S13,General government,Total tax revenue,Percentage of GDP,Annual,2016,14.665
TKL,Tokelau,Tax revenue,S13,General government,Total tax revenue,Percentage of GDP,Annual,2015,15.124
TKL,Tokelau,Tax revenue,S13,General government,Total tax revenue,Percentage of GDP,Annual,2014,17.053
PER,Peru,Tax revenue,S13,General government,Total tax revenue,Percentage of GDP,Annual,2022,19.161
PER,Peru,Tax revenue,S13,General government,Total tax revenue,Percentage of GDP,Annual,2021,18.14
PER,Peru,Tax revenue,S13,General government,Total tax revenue,Percentage of GDP,Annual,2020,15.342
PER,Peru,Tax revenue,S13,General government,Total tax revenue,Percentage of GDP,Annual,2019,16.684
PER,Peru,Tax revenue,S13,General government,Total tax revenue,Percentage of GDP,Annual,2018,16.518
PER,Peru,Tax revenue,S13,General government,Total tax revenue,Percentage of GDP,Annual,2017,15.342
PER,Peru,Tax revenue,S13,General government,Total tax revenue,Percentage of GDP,Annual,2016,16.058
PER,Peru,Tax revenue,S13,General government,Total tax revenue,Percentage of GDP,Annual,2015,17.346
PER,Peru,Tax revenue,S13,General government,Total tax revenue,Percentage of GDP,Annual,2014,19.123
EST,Estonia,Tax revenue,S13,General government,Total tax revenue,Percentage of GDP,Annual,2022,32.554
EST,Estonia,Tax revenue,S13,General government,Total tax revenue,Percentage of GDP,Annual,2021,33.502
EST,Estonia,Tax revenue,S13,General government,Total tax revenue,Percentage of GDP,Annual,2020,32.79
EST,Estonia,Tax revenue,S13,General government,Total tax revenue,Percentage of GDP,Annual,2019,32.655
EST,Estonia,Tax revenue,S13,General government,Total tax revenue,Percentage of GDP,Annual,2018,32.271
EST,Estonia,Tax revenue,S13,General government,Total tax revenue,Percentage of GDP,Annual,2017,31.902
EST,Estonia,Tax revenue,S13,General government,Total tax revenue,Percentage of GDP,Annual,2016,32.851
EST,Estonia,Tax revenue,S13,General government,Total tax revenue,Percentage of GDP,Annual,2015,32.719
EST,Estonia,Tax revenue,S13,General government,Total tax revenue,Percentage of GDP,Annual,2014,31.635
ARG,Argentina,Tax revenue,S13,General government,Total tax revenue,Percentage of GDP,Annual,2022,29.635
ARG,Argentina,Tax revenue,S13,General government,Total tax revenue,Percentage of GDP,Annual,2021,29.042
ARG,Argentina,Tax revenue,S13,General government,Total tax revenue,Percentage of GDP,Annual,2020,29.745
ARG,Argentina,Tax revenue,S13,General government,Total tax revenue,Percentage of GDP,Annual,2019,28.503
ARG,Argentina,Tax revenue,S13,General government,Total tax revenue,Percentage of GDP,Annual,2018,28.513
ARG,Argentina,Tax revenue,S13,General government,Total tax revenue,Percentage of GDP,Annual,2017,30.044
ARG,Argentina,Tax revenue,S13,General government,Total tax revenue,Percentage of GDP,Annual,2016,30.673
ARG,Argentina,Tax revenue,S13,General government,Total tax revenue,Percentage of GDP,Annual,2015,31.454
ARG,Argentina,Tax revenue,S13,General government,Total tax revenue,Percentage of GDP,Annual,2014,31.123
GIN,Guinea,Tax revenue,S13,General government,Total tax revenue,Percentage of GDP,Annual,2022,10.766
GIN,Guinea,Tax revenue,S13,General government,Total tax revenue,Percentage of GDP,Annual,2021,11.093
GIN,Guinea,Tax revenue,S13,General government,Total tax revenue,Percentage of GDP,Annual,2020,11.705
GIN,Guinea,Tax revenue,S13,General government,Total tax revenue,Percentage of GDP,Annual,2019,12.215
GIN,Guinea,Tax revenue,S13,General government,Total tax revenue,Percentage of GDP,Annual,2018,11.977
GIN,Guinea,Tax revenue,S13,General government,Total tax revenue,Percentage of GDP,Annual,2017,12.781
GIN,Guinea,Tax revenue,S13,General government,Total tax revenue,Percentage of GDP,Annual,2016,14.045
GIN,Guinea,Tax revenue,S13,General government,Total tax revenue,Percentage of GDP,Annual,2015,13.028
GIN,Guinea,Tax revenue,S13,General government,Total tax revenue,Percentage of GDP,Annual,2014,13.052
MNG,Mongolia,Tax revenue,S13,General government,Total tax revenue,Percentage of GDP,Annual,2022,24.551
MNG,Mongolia,Tax revenue,S13,General government,Total tax revenue,Percentage of GDP,Annual,2021,23.99
MNG,Mongolia,Tax revenue,S13,General government,Total tax revenue,Percentage of GDP,Annual,2020,20.822
MNG,Mongolia,Tax revenue,S13,General government,Total tax revenue,Percentage of GDP,Annual,2019,23.873
MNG,Mongolia,Tax revenue,S13,General government,Total tax revenue,Percentage of GDP,Annual,2018,23.903
MNG,Mongolia,Tax revenue,S13,General government,Total tax revenue,Percentage of GDP,Annual,2017,21.437
MNG,Mongolia,Tax revenue,S13,General government,Total tax revenue,Percentage of GDP,Annual,2016,19.084
MNG,Mongolia,Tax revenue,S13,General government,Total tax revenue,Percentage of GDP,Annual,2015,19.308
MNG,Mongolia,Tax revenue,S13,General government,Total tax revenue,Percentage of GDP,Annual,2014,20.158
MYS,Malaysia,Tax revenue,S13,General government,Total tax revenue,Percentage of GDP,Annual,2022,12.161
MYS,Malaysia,Tax revenue,S13,General government,Total tax revenue,Percentage of GDP,Annual,2021,11.748
MYS,Malaysia,Tax revenue,S13,General government,Total tax revenue,Percentage of GDP,Annual,2020,11.46
MYS,Malaysia,Tax revenue,S13,General government,Total tax revenue,Percentage of GDP,Annual,2019,12.446
MYS,Malaysia,Tax revenue,S13,General government,Total tax revenue,Percentage of GDP,Annual,2018,12.507
MYS,Malaysia,Tax revenue,S13,General government,Total tax revenue,Percentage of GDP,Annual,2017,13.374
MYS,Malaysia,Tax revenue,S13,General government,Total tax revenue,Percentage of GDP,Annual,2016,14.029
MYS,Malaysia,Tax revenue,S13,General government,Total tax revenue,Percentage of GDP,Annual,2015,14.526
MYS,Malaysia,Tax revenue,S13,General government,Total tax revenue,Percentage of GDP,Annual,2014,15.321
SVK,Slovak Republic,Tax revenue,S13,General government,Total tax revenue,Percentage of GDP,Annual,2018,34.027
SVK,Slovak Republic,Tax revenue,S13,General government,Total tax revenue,Percentage of GDP,Annual,2017,33.966
SVK,Slovak Republic,Tax revenue,S13,General government,Total tax revenue,Percentage of GDP,Annual,2016,33.071
SVK,Slovak Republic,Tax revenue,S13,General government,Total tax revenue,Percentage of GDP,Annual,2015,32.51
SVK,Slovak Republic,Tax revenue,S13,General government,Total tax revenue,Percentage of GDP,Annual,2014,31.861
SVK,Slovak Republic,Tax revenue,S13,General government,Total tax revenue,Percentage of GDP,Annual,2013,30.985
SVK,Slovak Republic,Tax revenue,S13,General government,Total tax revenue,Percentage of GDP,Annual,2022,35.011
SVK,Slovak Republic,Tax revenue,S13,General government,Total tax revenue,Percentage of GDP,Annual,2021,35.41
SVK,Slovak Republic,Tax revenue,S13,General government,Total tax revenue,Percentage of GDP,Annual,2020,34.778
TCD,Chad,Tax revenue,S13,General government,Total tax revenue,Percentage of GDP,Annual,2022,10.65
TCD,Chad,Tax revenue,S13,General government,Total tax revenue,Percentage of GDP,Annual,2021,7.334
TCD,Chad,Tax revenue,S13,General government,Total tax revenue,Percentage of GDP,Annual,2020,10.737
TCD,Chad,Tax revenue,S13,General government,Total tax revenue,Percentage of GDP,Annual,2019,5.943
TCD,Chad,Tax revenue,S13,General government,Total tax revenue,Percentage of GDP,Annual,2018,5.671
TCD,Chad,Tax revenue,S13,General government,Total tax revenue,Percentage of GDP,Annual,2017,4.67
TCD,Chad,Tax revenue,S13,General government,Total tax revenue,Percentage of GDP,Annual,2016,3.581
TCD,Chad,Tax revenue,S13,General government,Total tax revenue,Percentage of GDP,Annual,2015,4.363
TCD,Chad,Tax revenue,S13,General government,Total tax revenue,Percentage of GDP,Annual,2014,8.187
BTN,Bhutan,Tax revenue,S13,General government,Total tax revenue,Percentage of GDP,Annual,2022,11.277
BTN,Bhutan,Tax revenue,S13,General government,Total tax revenue,Percentage of GDP,Annual,2021,9.882
BTN,Bhutan,Tax revenue,S13,General government,Total tax revenue,Percentage of GDP,Annual,2020,8.143
BTN,Bhutan,Tax revenue,S13,General government,Total tax revenue,Percentage of GDP,Annual,2019,10.41
BTN,Bhutan,Tax revenue,S13,General government,Total tax revenue,Percentage of GDP,Annual,2018,13.177
BTN,Bhutan,Tax revenue,S13,General government,Total tax revenue,Percentage of GDP,Annual,2017,14.231
BTN,Bhutan,Tax revenue,S13,General government,Total tax revenue,Percentage of GDP,Annual,2016,12.943
BTN,Bhutan,Tax revenue,S13,General government,Total tax revenue,Percentage of GDP,Annual,2015,13.373
BTN,Bhutan,Tax revenue,S13,General government,Total tax revenue,Percentage of GDP,Annual,2014,13.675
ATG,Antigua and Barbuda,Tax revenue,S13,General government,Total tax revenue,Percentage of GDP,Annual,2022,19.14
ATG,Antigua and Barbuda,Tax revenue,S13,General government,Total tax revenue,Percentage of GDP,Annual,2021,20.076
ATG,Antigua and Barbuda,Tax revenue,S13,General government,Total tax revenue,Percentage of GDP,Annual,2020,19.776
ATG,Antigua and Barbuda,Tax revenue,S13,General government,Total tax revenue,Percentage of GDP,Annual,2019,18.049
ATG,Antigua and Barbuda,Tax revenue,S13,General government,Total tax revenue,Percentage of GDP,Annual,2018,18.979
ATG,Antigua and Barbuda,Tax revenue,S13,General government,Total tax revenue,Percentage of GDP,Annual,2017,19.577
ATG,Antigua and Barbuda,Tax revenue,S13,General government,Total tax revenue,Percentage of GDP,Annual,2016,19.59
ATG,Antigua and Barbuda,Tax revenue,S13,General government,Total tax revenue,Percentage of GDP,Annual,2015,20.377
ATG,Antigua and Barbuda,Tax revenue,S13,General government,Total tax revenue,Percentage of GDP,Annual,2014,19.879
GEO,Georgia,Tax revenue,S13,General government,Total tax revenue,Percentage of GDP,Annual,2015,23.606
GEO,Georgia,Tax revenue,S13,General government,Total tax revenue,Percentage of GDP,Annual,2014,23.267
GEO,Georgia,Tax revenue,S13,General government,Total tax revenue,Percentage of GDP,Annual,2013,23.29
GEO,Georgia,Tax revenue,S13,General government,Total tax revenue,Percentage of GDP,Annual,2022,24.096
GEO,Georgia,Tax revenue,S13,General government,Total tax revenue,Percentage of GDP,Annual,2021,22.582
GEO,Georgia,Tax revenue,S13,General government,Total tax revenue,Percentage of GDP,Annual,2020,22.286
GEO,Georgia,Tax revenue,S13,General government,Total tax revenue,Percentage of GDP,Annual,2019,24.08
GEO,Georgia,Tax revenue,S13,General government,Total tax revenue,Percentage of GDP,Annual,2018,23.42
GEO,Georgia,Tax revenue,S13,General government,Total tax revenue,Percentage of GDP,Annual,2017,24.308
GRC,Greece,Tax revenue,S13,General government,Total tax revenue,Percentage of GDP,Annual,2022,41.212
GRC,Greece,Tax revenue,S13,General government,Total tax revenue,Percentage of GDP,Annual,2021,40.041
GRC,Greece,Tax revenue,S13,General government,Total tax revenue,Percentage of GDP,Annual,2020,39.509
GRC,Greece,Tax revenue,S13,General government,Total tax revenue,Percentage of GDP,Annual,2019,39.492
GRC,Greece,Tax revenue,S13,General government,Total tax revenue,Percentage of GDP,Annual,2018,40.345
GRC,Greece,Tax revenue,S13,General government,Total tax revenue,Percentage of GDP,Annual,2017,39.722
GRC,Greece,Tax revenue,S13,General government,Total tax revenue,Percentage of GDP,Annual,2016,39.212
GRC,Greece,Tax revenue,S13,General government,Total tax revenue,Percentage of GDP,Annual,2015,36.946
GRC,Greece,Tax revenue,S13,General government,Total tax revenue,Percentage of GDP,Annual,2014,36.687
CHL,Chile,Tax revenue,S13,General government,Total tax revenue,Percentage of GDP,Annual,2022,23.841
CHL,Chile,Tax revenue,S13,General government,Total tax revenue,Percentage of GDP,Annual,2021,22.317
CHL,Chile,Tax revenue,S13,General government,Total tax revenue,Percentage of GDP,Annual,2020,19.29
CHL,Chile,Tax revenue,S13,General government,Total tax revenue,Percentage of GDP,Annual,2019,20.982
CHL,Chile,Tax revenue,S13,General government,Total tax revenue,Percentage of GDP,Annual,2018,21.282
CHL,Chile,Tax revenue,S13,General government,Total tax revenue,Percentage of GDP,Annual,2017,20.223
CHL,Chile,Tax revenue,S13,General government,Total tax revenue,Percentage of GDP,Annual,2016,20.223
CHL,Chile,Tax revenue,S13,General government,Total tax revenue,Percentage of GDP,Annual,2015,20.51
CHL,Chile,Tax revenue,S13,General government,Total tax revenue,Percentage of GDP,Annual,2014,19.699
BEL,Belgium,Tax revenue,S13,General government,Total tax revenue,Percentage of GDP,Annual,2022,42.377
BEL,Belgium,Tax revenue,S13,General government,Total tax revenue,Percentage of GDP,Annual,2021,42.065
BEL,Belgium,Tax revenue,S13,General government,Total tax revenue,Percentage of GDP,Annual,2020,42.219
BEL,Belgium,Tax revenue,S13,General government,Total tax revenue,Percentage of GDP,Annual,2019,42.385
BEL,Belgium,Tax revenue,S13,General government,Total tax revenue,Percentage of GDP,Annual,2018,43.824
BEL,Belgium,Tax revenue,S13,General government,Total tax revenue,Percentage of GDP,Annual,2017,43.797
BEL,Belgium,Tax revenue,S13,General government,Total tax revenue,Percentage of GDP,Annual,2016,43.288
BEL,Belgium,Tax revenue,S13,General government,Total tax revenue,Percentage of GDP,Annual,2015,44.115
BEL,Belgium,Tax revenue,S13,General government,Total tax revenue,Percentage of GDP,Annual,2014,44.75
HRV,Croatia,Tax revenue,S13,General government,Total tax revenue,Percentage of GDP,Annual,2022,36.81
HRV,Croatia,Tax revenue,S13,General government,Total tax revenue,Percentage of GDP,Annual,2021,36.425
HRV,Croatia,Tax revenue,S13,General government,Total tax revenue,Percentage of GDP,Annual,2020,37.401
HRV,Croatia,Tax revenue,S13,General government,Total tax revenue,Percentage of GDP,Annual,2019,38.19
HRV,Croatia,Tax revenue,S13,General government,Total tax revenue,Percentage of GDP,Annual,2018,38.179
HRV,Croatia,Tax revenue,S13,General government,Total tax revenue,Percentage of GDP,Annual,2017,37.697
HRV,Croatia,Tax revenue,S13,General government,Total tax revenue,Percentage of GDP,Annual,2016,37.87
HRV,Croatia,Tax revenue,S13,General government,Total tax revenue,Percentage of GDP,Annual,2015,37.55
HRV,Croatia,Tax revenue,S13,General government,Total tax revenue,Percentage of GDP,Annual,2014,37.258
GHA,Ghana,Tax revenue,S13,General government,Total tax revenue,Percentage of GDP,Annual,2022,13.961
GHA,Ghana,Tax revenue,S13,General government,Total tax revenue,Percentage of GDP,Annual,2021,14.048
GHA,Ghana,Tax revenue,S13,General government,Total tax revenue,Percentage of GDP,Annual,2020,13.131
GHA,Ghana,Tax revenue,S13,General government,Total tax revenue,Percentage of GDP,Annual,2019,13.193
GHA,Ghana,Tax revenue,S13,General government,Total tax revenue,Percentage of GDP,Annual,2018,13.67
GHA,Ghana,Tax revenue,S13,General government,Total tax revenue,Percentage of GDP,Annual,2017,13.449
GHA,Ghana,Tax revenue,S13,General government,Total tax revenue,Percentage of GDP,Annual,2016,13.092
GHA,Ghana,Tax revenue,S13,General government,Total tax revenue,Percentage of GDP,Annual,2015,12.855
GHA,Ghana,Tax revenue,S13,General government,Total tax revenue,Percentage of GDP,Annual,2014,11.938
SEN,Senegal,Tax revenue,S13,General government,Total tax revenue,Percentage of GDP,Annual,2022,19.785
SEN,Senegal,Tax revenue,S13,General government,Total tax revenue,Percentage of GDP,Annual,2021,18.737
SEN,Senegal,Tax revenue,S13,General government,Total tax revenue,Percentage of GDP,Annual,2020,18.523
SEN,Senegal,Tax revenue,S13,General government,Total tax revenue,Percentage of GDP,Annual,2019,18.714
SEN,Senegal,Tax revenue,S13,General government,Total tax revenue,Percentage of GDP,Annual,2018,17.288
SEN,Senegal,Tax revenue,S13,General government,Total tax revenue,Percentage of GDP,Annual,2017,16.73
SEN,Senegal,Tax revenue,S13,General government,Total tax revenue,Percentage of GDP,Annual,2016,17.019
SEN,Senegal,Tax revenue,S13,General government,Total tax revenue,Percentage of GDP,Annual,2015,16.397
SEN,Senegal,Tax revenue,S13,General government,Total tax revenue,Percentage of GDP,Annual,2014,16.234
BWA,Botswana,Tax revenue,S13,General government,Total tax revenue,Percentage of GDP,Annual,2022,13.641
BWA,Botswana,Tax revenue,S13,General government,Total tax revenue,Percentage of GDP,Annual,2021,14.745
BWA,Botswana,Tax revenue,S13,General government,Total tax revenue,Percentage of GDP,Annual,2020,12.193
BWA,Botswana,Tax revenue,S13,General government,Total tax revenue,Percentage of GDP,Annual,2019,13.726
BWA,Botswana,Tax revenue,S13,General government,Total tax revenue,Percentage of GDP,Annual,2018,13.293
BWA,Botswana,Tax revenue,S13,General government,Total tax revenue,Percentage of GDP,Annual,2017,13.342
BWA,Botswana,Tax revenue,S13,General government,Total tax revenue,Percentage of GDP,Annual,2016,14.632
BWA,Botswana,Tax revenue,S13,General government,Total tax revenue,Percentage of GDP,Annual,2015,13.435
BWA,Botswana,Tax revenue,S13,General government,Total tax revenue,Percentage of GDP,Annual,2014,16.01
USA,United States,Tax revenue,S13,General government,Total tax revenue,Percentage of GDP,Annual,2022,27.607
USA,United States,Tax revenue,S13,General government,Total tax revenue,Percentage of GDP,Annual,2021,26.709
USA,United States,Tax revenue,S13,General government,Total tax revenue,Percentage of GDP,Annual,2020,25.57
USA,United States,Tax revenue,S13,General government,Total tax revenue,Percentage of GDP,Annual,2019,24.982
USA,United States,Tax revenue,S13,General government,Total tax revenue,Percentage of GDP,Annual,2018,24.816
USA,United States,Tax revenue,S13,General government,Total tax revenue,Percentage of GDP,Annual,2017,26.459
USA,United States,Tax revenue,S13,General government,Total tax revenue,Percentage of GDP,Annual,2016,25.713
USA,United States,Tax revenue,S13,General government,Total tax revenue,Percentage of GDP,Annual,2015,26.087
USA,United States,Tax revenue,S13,General government,Total tax revenue,Percentage of GDP,Annual,2014,25.786
HUN,Hungary,Tax revenue,S13,General government,Total tax revenue,Percentage of GDP,Annual,2022,35.149
HUN,Hungary,Tax revenue,S13,General government,Total tax revenue,Percentage of GDP,Annual,2021,33.777
HUN,Hungary,Tax revenue,S13,General government,Total tax revenue,Percentage of GDP,Annual,2020,35.969
HUN,Hungary,Tax revenue,S13,General government,Total tax revenue,Percentage of GDP,Annual,2019,36.306
HUN,Hungary,Tax revenue,S13,General government,Total tax revenue,Percentage of GDP,Annual,2018,36.79
HUN,Hungary,Tax revenue,S13,General government,Total tax revenue,Percentage of GDP,Annual,2017,37.818
HUN,Hungary,Tax revenue,S13,General government,Total tax revenue,Percentage of GDP,Annual,2016,39.038
HUN,Hungary,Tax revenue,S13,General government,Total tax revenue,Percentage of GDP,Annual,2015,38.666
HUN,Hungary,Tax revenue,S13,General government,Total tax revenue,Percentage of GDP,Annual,2014,38.362
NGA,Nigeria,Tax revenue,S13,General government,Total tax revenue,Percentage of GDP,Annual,2022,7.909
NGA,Nigeria,Tax revenue,S13,General government,Total tax revenue,Percentage of GDP,Annual,2021,6.688
NGA,Nigeria,Tax revenue,S13,General government,Total tax revenue,Percentage of GDP,Annual,2020,5.55
NGA,Nigeria,Tax revenue,S13,General government,Total tax revenue,Percentage of GDP,Annual,2019,5.984
NGA,Nigeria,Tax revenue,S13,General government,Total tax revenue,Percentage of GDP,Annual,2018,6.352
NGA,Nigeria,Tax revenue,S13,General government,Total tax revenue,Percentage of GDP,Annual,2017,5.724
NGA,Nigeria,Tax revenue,S13,General government,Total tax revenue,Percentage of GDP,Annual,2016,5.303
NGA,Nigeria,Tax revenue,S13,General government,Total tax revenue,Percentage of GDP,Annual,2015,6.077
NGA,Nigeria,Tax revenue,S13,General government,Total tax revenue,Percentage of GDP,Annual,2014,7.665
SVN,Slovenia,Tax revenue,S13,General government,Total tax revenue,Percentage of GDP,Annual,2022,37.402
SVN,Slovenia,Tax revenue,S13,General government,Total tax revenue,Percentage of GDP,Annual,2021,38.251
SVN,Slovenia,Tax revenue,S13,General government,Total tax revenue,Percentage of GDP,Annual,2020,37.555
SVN,Slovenia,Tax revenue,S13,General government,Total tax revenue,Percentage of GDP,Annual,2019,37.539
SVN,Slovenia,Tax revenue,S13,General government,Total tax revenue,Percentage of GDP,Annual,2018,37.239
SVN,Slovenia,Tax revenue,S13,General government,Total tax revenue,Percentage of GDP,Annual,2017,37.067
SVN,Slovenia,Tax revenue,S13,General government,Total tax revenue,Percentage of GDP,Annual,2016,37.385
SVN,Slovenia,Tax revenue,S13,General government,Total tax revenue,Percentage of GDP,Annual,2015,37.311
SVN,Slovenia,Tax revenue,S13,General government,Total tax revenue,Percentage of GDP,Annual,2014,37.179
GNQ,Equatorial Guinea,Tax revenue,S13,General government,Total tax revenue,Percentage of GDP,Annual,2022,8.136
GNQ,Equatorial Guinea,Tax revenue,S13,General government,Total tax revenue,Percentage of GDP,Annual,2021,5.939
GNQ,Equatorial Guinea,Tax revenue,S13,General government,Total tax revenue,Percentage of GDP,Annual,2020,8.611
GNQ,Equatorial Guinea,Tax revenue,S13,General government,Total tax revenue,Percentage of GDP,Annual,2019,9.783
GNQ,Equatorial Guinea,Tax revenue,S13,General government,Total tax revenue,Percentage of GDP,Annual,2018,6.6
GNQ,Equatorial Guinea,Tax revenue,S13,General government,Total tax revenue,Percentage of GDP,Annual,2017,6.65
GNQ,Equatorial Guinea,Tax revenue,S13,General government,Total tax revenue,Percentage of GDP,Annual,2016,7.089
GNQ,Equatorial Guinea,Tax revenue,S13,General government,Total tax revenue,Percentage of GDP,Annual,2015,12.006
GNQ,Equatorial Guinea,Tax revenue,S13,General government,Total tax revenue,Percentage of GDP,Annual,2014,9.756
URY,Uruguay,Tax revenue,S13,General government,Total tax revenue,Percentage of GDP,Annual,2022,26.56
URY,Uruguay,Tax revenue,S13,General government,Total tax revenue,Percentage of GDP,Annual,2021,25.605
URY,Uruguay,Tax revenue,S13,General government,Total tax revenue,Percentage of GDP,Annual,2020,26.626
URY,Uruguay,Tax revenue,S13,General government,Total tax revenue,Percentage of GDP,Annual,2019,26.223
URY,Uruguay,Tax revenue,S13,General government,Total tax revenue,Percentage of GDP,Annual,2018,26.681
URY,Uruguay,Tax revenue,S13,General government,Total tax revenue,Percentage of GDP,Annual,2017,26.548
URY,Uruguay,Tax revenue,S13,General government,Total tax revenue,Percentage of GDP,Annual,2016,25.486
URY,Uruguay,Tax revenue,S13,General government,Total tax revenue,Percentage of GDP,Annual,2015,25.076
URY,Uruguay,Tax revenue,S13,General government,Total tax revenue,Percentage of GDP,Annual,2014,25.149
LVA,Latvia,Tax revenue,S13,General government,Total tax revenue,Percentage of GDP,Annual,2022,30.762
LVA,Latvia,Tax revenue,S13,General government,Total tax revenue,Percentage of GDP,Annual,2021,30.746
LVA,Latvia,Tax revenue,S13,General government,Total tax revenue,Percentage of GDP,Annual,2020,31.134
LVA,Latvia,Tax revenue,S13,General government,Total tax revenue,Percentage of GDP,Annual,2019,31.013
LVA,Latvia,Tax revenue,S13,General government,Total tax revenue,Percentage of GDP,Annual,2018,31.052
LVA,Latvia,Tax revenue,S13,General government,Total tax revenue,Percentage of GDP,Annual,2017,31.091
LVA,Latvia,Tax revenue,S13,General government,Total tax revenue,Percentage of GDP,Annual,2016,30.73
LVA,Latvia,Tax revenue,S13,General government,Total tax revenue,Percentage of GDP,Annual,2015,29.79
LVA,Latvia,Tax revenue,S13,General government,Total tax revenue,Percentage of GDP,Annual,2014,29.715
BFA,Burkina Faso,Tax revenue,S13,General government,Total tax revenue,Percentage of GDP,Annual,2022,18.413
BFA,Burkina Faso,Tax revenue,S13,General government,Total tax revenue,Percentage of GDP,Annual,2021,15.423
BFA,Burkina Faso,Tax revenue,S13,General government,Total tax revenue,Percentage of GDP,Annual,2020,15.914
BFA,Burkina Faso,Tax revenue,S13,General government,Total tax revenue,Percentage of GDP,Annual,2019,17.275
BFA,Burkina Faso,Tax revenue,S13,General government,Total tax revenue,Percentage of GDP,Annual,2018,16.802
BFA,Burkina Faso,Tax revenue,S13,General government,Total tax revenue,Percentage of GDP,Annual,2017,16.198
BFA,Burkina Faso,Tax revenue,S13,General government,Total tax revenue,Percentage of GDP,Annual,2016,15.272
BFA,Burkina Faso,Tax revenue,S13,General government,Total tax revenue,Percentage of GDP,Annual,2015,14.563
BFA,Burkina Faso,Tax revenue,S13,General government,Total tax revenue,Percentage of GDP,Annual,2014,14.275
ZMB,Zambia,Tax revenue,S13,General government,Total tax revenue,Percentage of GDP,Annual,2022,16.158
ZMB,Zambia,Tax revenue,S13,General government,Total tax revenue,Percentage of GDP,Annual,2021,16.15
ZMB,Zambia,Tax revenue,S13,General government,Total tax revenue,Percentage of GDP,Annual,2020,15.708
ZMB,Zambia,Tax revenue,S13,General government,Total tax revenue,Percentage of GDP,Annual,2019,16.215
ZMB,Zambia,Tax revenue,S13,General government,Total tax revenue,Percentage of GDP,Annual,2018,16.166
ZMB,Zambia,Tax revenue,S13,General government,Total tax revenue,Percentage of GDP,Annual,2017,14.894
ZMB,Zambia,Tax revenue,S13,General government,Total tax revenue,Percentage of GDP,Annual,2016,13.031
ZMB,Zambia,Tax revenue,S13,General government,Total tax revenue,Percentage of GDP,Annual,2015,14.289
ZMB,Zambia,Tax revenue,S13,General government,Total tax revenue,Percentage of GDP,Annual,2014,15.282
RWA,Rwanda,Tax revenue,S13,General government,Total tax revenue,Percentage of GDP,Annual,2022,16.524
RWA,Rwanda,Tax revenue,S13,General government,Total tax revenue,Percentage of GDP,Annual,2021,17.019
RWA,Rwanda,Tax revenue,S13,General government,Total tax revenue,Percentage of GDP,Annual,2020,17.121
RWA,Rwanda,Tax revenue,S13,General government,Total tax revenue,Percentage of GDP,Annual,2019,17.321
RWA,Rwanda,Tax revenue,S13,General government,Total tax revenue,Percentage of GDP,Annual,2018,16.89
RWA,Rwanda,Tax revenue,S13,General government,Total tax revenue,Percentage of GDP,Annual,2017,16.221
RWA,Rwanda,Tax revenue,S13,General government,Total tax revenue,Percentage of GDP,Annual,2016,16.299
RWA,Rwanda,Tax revenue,S13,General government,Total tax revenue,Percentage of GDP,Annual,2015,16.215
RWA,Rwanda,Tax revenue,S13,General government,Total tax revenue,Percentage of GDP,Annual,2014,15.393
WSM,Samoa,Tax revenue,S13,General government,Total tax revenue,Percentage of GDP,Annual,2015,22.425
WSM,Samoa,Tax revenue,S13,General government,Total tax revenue,Percentage of GDP,Annual,2014,22.003
WSM,Samoa,Tax revenue,S13,General government,Total tax revenue,Percentage of GDP,Annual,2013,23.1
WSM,Samoa,Tax revenue,S13,General government,Total tax revenue,Percentage of GDP,Annual,2022,26.394
WSM,Samoa,Tax revenue,S13,General government,Total tax revenue,Percentage of GDP,Annual,2021,25.59
WSM,Samoa,Tax revenue,S13,General government,Total tax revenue,Percentage of GDP,Annual,2020,25.015
WSM,Samoa,Tax revenue,S13,General government,Total tax revenue,Percentage of GDP,Annual,2019,24.038
WSM,Samoa,Tax revenue,S13,General government,Total tax revenue,Percentage of GDP,Annual,2018,23.922
WSM,Samoa,Tax revenue,S13,General government,Total tax revenue,Percentage of GDP,Annual,2017,23.212
ARM,Armenia,Tax revenue,S13,General government,Total tax revenue,Percentage of GDP,Annual,2022,22.655
ARM,Armenia,Tax revenue,S13,General government,Total tax revenue,Percentage of GDP,Annual,2021,22.697
ARM,Armenia,Tax revenue,S13,General government,Total tax revenue,Percentage of GDP,Annual,2020,22.407
ARM,Armenia,Tax revenue,S13,General government,Total tax revenue,Percentage of GDP,Annual,2019,22.379
ARM,Armenia,Tax revenue,S13,General government,Total tax revenue,Percentage of GDP,Annual,2018,20.909
ARM,Armenia,Tax revenue,S13,General government,Total tax revenue,Percentage of GDP,Annual,2017,20.812
ARM,Armenia,Tax revenue,S13,General government,Total tax revenue,Percentage of GDP,Annual,2016,21.279
ARM,Armenia,Tax revenue,S13,General government,Total tax revenue,Percentage of GDP,Annual,2015,21.129
ARM,Armenia,Tax revenue,S13,General government,Total tax revenue,Percentage of GDP,Annual,2014,22.012
THA,Thailand,Tax revenue,S13,General government,Total tax revenue,Percentage of GDP,Annual,2022,16.705
THA,Thailand,Tax revenue,S13,General government,Total tax revenue,Percentage of GDP,Annual,2021,16.396
THA,Thailand,Tax revenue,S13,General government,Total tax revenue,Percentage of GDP,Annual,2020,16.461
THA,Thailand,Tax revenue,S13,General government,Total tax revenue,Percentage of GDP,Annual,2019,17.241
THA,Thailand,Tax revenue,S13,General government,Total tax revenue,Percentage of GDP,Annual,2018,17.67
THA,Thailand,Tax revenue,S13,General government,Total tax revenue,Percentage of GDP,Annual,2017,17.535
THA,Thailand,Tax revenue,S13,General government,Total tax revenue,Percentage of GDP,Annual,2016,18.095
THA,Thailand,Tax revenue,S13,General government,Total tax revenue,Percentage of GDP,Annual,2015,18.899
THA,Thailand,Tax revenue,S13,General government,Total tax revenue,Percentage of GDP,Annual,2014,18.355
MRT,Mauritania,Tax revenue,S13,General government,Total tax revenue,Percentage of GDP,Annual,2022,14.673
MRT,Mauritania,Tax revenue,S13,General government,Total tax revenue,Percentage of GDP,Annual,2021,14.397
MRT,Mauritania,Tax revenue,S13,General government,Total tax revenue,Percentage of GDP,Annual,2020,12.565
MRT,Mauritania,Tax revenue,S13,General government,Total tax revenue,Percentage of GDP,Annual,2019,13.786
MRT,Mauritania,Tax revenue,S13,General government,Total tax revenue,Percentage of GDP,Annual,2018,15.139
MRT,Mauritania,Tax revenue,S13,General government,Total tax revenue,Percentage of GDP,Annual,2017,14.442
MRT,Mauritania,Tax revenue,S13,General government,Total tax revenue,Percentage of GDP,Annual,2016,14.173
MRT,Mauritania,Tax revenue,S13,General government,Total tax revenue,Percentage of GDP,Annual,2015,14.53
MRT,Mauritania,Tax revenue,S13,General government,Total tax revenue,Percentage of GDP,Annual,2014,15.125
CHN,China (People’s Republic of),Tax revenue,S13,General government,Total tax revenue,Percentage of GDP,Annual,2022,20.05
CHN,China (People’s Republic of),Tax revenue,S13,General government,Total tax revenue,Percentage of GDP,Annual,2021,21.04
CHN,China (People’s Republic of),Tax revenue,S13,General government,Total tax revenue,Percentage of GDP,Annual,2020,20.077
CHN,China (People’s Republic of),Tax revenue,S13,General government,Total tax revenue,Percentage of GDP,Annual,2019,22.089
CHN,China (People’s Republic of),Tax revenue,S13,General government,Total tax revenue,Percentage of GDP,Annual,2018,17.014
CHN,China (People’s Republic of),Tax revenue,S13,General government,Total tax revenue,Percentage of GDP,Annual,2017,17.351
CHN,China (People’s Republic of),Tax revenue,S13,General government,Total tax revenue,Percentage of GDP,Annual,2016,17.464
CHN,China (People’s Republic of),Tax revenue,S13,General government,Total tax revenue,Percentage of GDP,Annual,2015,18.135
CHN,China (People’s Republic of),Tax revenue,S13,General government,Total tax revenue,Percentage of GDP,Annual,2014,18.518
LKA,Sri Lanka,Tax revenue,S13,General government,Total tax revenue,Percentage of GDP,Annual,2022,7.433
LKA,Sri Lanka,Tax revenue,S13,General government,Total tax revenue,Percentage of GDP,Annual,2021,7.566
LKA,Sri Lanka,Tax revenue,S13,General government,Total tax revenue,Percentage of GDP,Annual,2020,7.982
LKA,Sri Lanka,Tax revenue,S13,General government,Total tax revenue,Percentage of GDP,Annual,2019,11.086
LKA,Sri Lanka,Tax revenue,S13,General government,Total tax revenue,Percentage of GDP,Annual,2018,11.318
LKA,Sri Lanka,Tax revenue,S13,General government,Total tax revenue,Percentage of GDP,Annual,2017,11.768
LKA,Sri Lanka,Tax revenue,S13,General government,Total tax revenue,Percentage of GDP,Annual,2016,11.564
LKA,Sri Lanka,Tax revenue,S13,General government,Total tax revenue,Percentage of GDP,Annual,2015,11.853
LKA,Sri Lanka,Tax revenue,S13,General government,Total tax revenue,Percentage of GDP,Annual,2014,9.886
HND,Honduras,Tax revenue,S13,General government,Total tax revenue,Percentage of GDP,Annual,2022,21.391
HND,Honduras,Tax revenue,S13,General government,Total tax revenue,Percentage of GDP,Annual,2021,21.202
HND,Honduras,Tax revenue,S13,General government,Total tax revenue,Percentage of GDP,Annual,2020,19.198
HND,Honduras,Tax revenue,S13,General government,Total tax revenue,Percentage of GDP,Annual,2019,21.465
HND,Honduras,Tax revenue,S13,General government,Total tax revenue,Percentage of GDP,Annual,2018,21.913
HND,Honduras,Tax revenue,S13,General government,Total tax revenue,Percentage of GDP,Annual,2017,21.652
HND,Honduras,Tax revenue,S13,General government,Total tax revenue,Percentage of GDP,Annual,2016,22.227
HND,Honduras,Tax revenue,S13,General government,Total tax revenue,Percentage of GDP,Annual,2015,20.569
HND,Honduras,Tax revenue,S13,General government,Total tax revenue,Percentage of GDP,Annual,2014,19.922
SLE,Sierra Leone,Tax revenue,S13,General government,Total tax revenue,Percentage of GDP,Annual,2022,11.421
SLE,Sierra Leone,Tax revenue,S13,General government,Total tax revenue,Percentage of GDP,Annual,2021,13.29
SLE,Sierra Leone,Tax revenue,S13,General government,Total tax revenue,Percentage of GDP,Annual,2020,12.496
SLE,Sierra Leone,Tax revenue,S13,General government,Total tax revenue,Percentage of GDP,Annual,2019,13.27
SLE,Sierra Leone,Tax revenue,S13,General government,Total tax revenue,Percentage of GDP,Annual,2018,12.462
SLE,Sierra Leone,Tax revenue,S13,General government,Total tax revenue,Percentage of GDP,Annual,2017,10.753
SLE,Sierra Leone,Tax revenue,S13,General government,Total tax revenue,Percentage of GDP,Annual,2016,10.648
SLE,Sierra Leone,Tax revenue,S13,General government,Total tax revenue,Percentage of GDP,Annual,2015,9.893
SLE,Sierra Leone,Tax revenue,S13,General government,Total tax revenue,Percentage of GDP,Annual,2014,8.677
MDG,Madagascar,Tax revenue,S13,General government,Total tax revenue,Percentage of GDP,Annual,2022,11.473
MDG,Madagascar,Tax revenue,S13,General government,Total tax revenue,Percentage of GDP,Annual,2021,10.673
MDG,Madagascar,Tax revenue,S13,General government,Total tax revenue,Percentage of GDP,Annual,2020,10.137
MDG,Madagascar,Tax revenue,S13,General government,Total tax revenue,Percentage of GDP,Annual,2019,11.062
MDG,Madagascar,Tax revenue,S13,General government,Total tax revenue,Percentage of GDP,Annual,2018,10.911
MDG,Madagascar,Tax revenue,S13,General government,Total tax revenue,Percentage of GDP,Annual,2017,10.415
MDG,Madagascar,Tax revenue,S13,General government,Total tax revenue,Percentage of GDP,Annual,2016,9.596
MDG,Madagascar,Tax revenue,S13,General government,Total tax revenue,Percentage of GDP,Annual,2015,9.349
MDG,Madagascar,Tax revenue,S13,General government,Total tax revenue,Percentage of GDP,Annual,2014,8.833
AUS,Australia,Tax revenue,S13,General government,Total tax revenue,Percentage of GDP,Annual,2022,29.398
AUS,Australia,Tax revenue,S13,General government,Total tax revenue,Percentage of GDP,Annual,2021,29.155
AUS,Australia,Tax revenue,S13,General government,Total tax revenue,Percentage of GDP,Annual,2020,28.251
AUS,Australia,Tax revenue,S13,General government,Total tax revenue,Percentage of GDP,Annual,2019,27.657
AUS,Australia,Tax revenue,S13,General government,Total tax revenue,Percentage of GDP,Annual,2018,28.571
AUS,Australia,Tax revenue,S13,General government,Total tax revenue,Percentage of GDP,Annual,2017,28.517
AUS,Australia,Tax revenue,S13,General government,Total tax revenue,Percentage of GDP,Annual,2016,27.511
AUS,Australia,Tax revenue,S13,General government,Total tax revenue,Percentage of GDP,Annual,2015,27.773
AUS,Australia,Tax revenue,S13,General government,Total tax revenue,Percentage of GDP,Annual,2014,27.15
PRT,Portugal,Tax revenue,S13,General government,Total tax revenue,Percentage of GDP,Annual,2013,33.968
UGA,Uganda,Tax revenue,S13,General government,Total tax revenue,Percentage of GDP,Annual,2013,8.963
DOM,Dominican Republic,Tax revenue,S13,General government,Total tax revenue,Percentage of GDP,Annual,2013,13.526
MDV,Maldives,Tax revenue,S13,General government,Total tax revenue,Percentage of GDP,Annual,2013,17.258
GBR,United Kingdom,Tax revenue,S13,General government,Total tax revenue,Percentage of GDP,Annual,2013,32.007
TLS,Timor-Leste,Tax revenue,S13,General government,Total tax revenue,Percentage of GDP,Annual,2013,21.477
OECD_REP,OECD average country,Tax revenue,S13,General government,Total tax revenue,Percentage of GDP,Annual,2013,32.613
TUR,Türkiye,Tax revenue,S13,General government,Total tax revenue,Percentage of GDP,Annual,2013,25.156
MAR,Morocco,Tax revenue,S13,General government,Total tax revenue,Percentage of GDP,Annual,2013,25.961
KIR,Kiribati,Tax revenue,S13,General government,Total tax revenue,Percentage of GDP,Annual,2013,15.578
F,Africa,Tax revenue,S13,General government,Total tax revenue,Percentage of GDP,Annual,2013,14.902
CAN,Canada,Tax revenue,S13,General government,Total tax revenue,Percentage of GDP,Annual,2013,31.132
KEN,Kenya,Tax revenue,S13,General government,Total tax revenue,Percentage of GDP,Annual,2013,16.281
COG,Congo,Tax revenue,S13,General government,Total tax revenue,Percentage of GDP,Annual,2013,8.833
HKG,Hong Kong (China),Tax revenue,S13,General government,Total tax revenue,Percentage of GDP,Annual,2013,13.312
PRY,Paraguay,Tax revenue,S13,General government,Total tax revenue,Percentage of GDP,Annual,2013,12.687
ISR,Israel,Tax revenue,S13,General government,Total tax revenue,Percentage of GDP,Annual,2013,30.329
SLV,El Salvador,Tax revenue,S13,General government,Total tax revenue,Percentage of GDP,Annual,2013,20.061
NAM,Namibia,Tax revenue,S13,General government,Total tax revenue,Percentage of GDP,Annual,2013,20.013
PAK,Pakistan,Tax revenue,S13,General government,Total tax revenue,Percentage of GDP,Annual,2016,11.164
ECU,Ecuador,Tax revenue,S13,General government,Total tax revenue,Percentage of GDP,Annual,2019,19.888
MLT,Malta,Tax revenue,S13,General government,Total tax revenue,Percentage of GDP,Annual,2013,30.576
DNK,Denmark,Tax revenue,S13,General government,Total tax revenue,Percentage of GDP,Annual,2013,45.97
LCA,Saint Lucia,Tax revenue,S13,General government,Total tax revenue,Percentage of GDP,Annual,2013,20.307
CIV,Côte d’Ivoire,Tax revenue,S13,General government,Total tax revenue,Percentage of GDP,Annual,2016,13.025
SGP,Singapore,Tax revenue,S13,General government,Total tax revenue,Percentage of GDP,Annual,2013,13.176
BGD,Bangladesh,Tax revenue,S13,General government,Total tax revenue,Percentage of GDP,Annual,2013,7.506
SWZ,Eswatini,Tax revenue,S13,General government,Total tax revenue,Percentage of GDP,Annual,2013,13.645
MWI,Malawi,Tax revenue,S13,General government,Total tax revenue,Percentage of GDP,Annual,2013,11.491
ZAF,South Africa,Tax revenue,S13,General government,Total tax revenue,Percentage of GDP,Annual,2013,24.764
CZE,Czechia,Tax revenue,S13,General government,Total tax revenue,Percentage of GDP,Annual,2013,33.498
KOR,Korea,Tax revenue,S13,General government,Total tax revenue,Percentage of GDP,Annual,2013,23.143
FIN,Finland,Tax revenue,S13,General government,Total tax revenue,Percentage of GDP,Annual,2013,43.406
CPV,Cabo Verde,Tax revenue,S13,General government,Total tax revenue,Percentage of GDP,Annual,2013,16.759
SLB,Solomon Islands,Tax revenue,S13,General government,Total tax revenue,Percentage of GDP,Annual,2013,23.313
MOZ,Mozambique,Tax revenue,S13,General government,Total tax revenue,Percentage of GDP,Annual,2013,25.755
TUN,Tunisia,Tax revenue,S13,General government,Total tax revenue,Percentage of GDP,Annual,2013,28.329
NLD,Netherlands,Tax revenue,S13,General government,Total tax revenue,Percentage of GDP,Annual,2013,35.832
JAM,Jamaica,Tax revenue,S13,General government,Total tax revenue,Percentage of GDP,Annual,2013,24.932
SO,Asia and the Pacific,Tax revenue,S13,General government,Total tax revenue,Percentage of GDP,Annual,2013,18.783
FJI,Fiji,Tax revenue,S13,General government,Total tax revenue,Percentage of GDP,Annual,2013,23.719
CRI,Costa Rica,Tax revenue,S13,General government,Total tax revenue,Percentage of GDP,Annual,2013,22.979
GTM,Guatemala,Tax revenue,S13,General government,Total tax revenue,Percentage of GDP,Annual,2013,13.275
AZE,Azerbaijan,Tax revenue,S13,General government,Total tax revenue,Percentage of GDP,Annual,2015,18.949
GAB,Gabon,Tax revenue,S13,General government,Total tax revenue,Percentage of GDP,Annual,2013,15.89
VNM,Viet Nam,Tax revenue,S13,General government,Total tax revenue,Percentage of GDP,Annual,2013,18.564
IRL,Ireland,Tax revenue,S13,General government,Total tax revenue,Percentage of GDP,Annual,2013,28.09
PHL,Philippines,Tax revenue,S13,General government,Total tax revenue,Percentage of GDP,Annual,2013,15.508
KAZ,Kazakhstan,Tax revenue,S13,General government,Total tax revenue,Percentage of GDP,Annual,2013,22.586
LIE,Liechtenstein,Tax revenue,S13,General government,Total tax revenue,Percentage of GDP,Annual,2013,17.007
NZL,New Zealand,Tax revenue,S13,General government,Total tax revenue,Percentage of GDP,Annual,2013,30.457
MUS,Mauritius,Tax revenue,S13,General government,Total tax revenue,Percentage of GDP,Annual,2013,18.942
BHS,Bahamas,Tax revenue,S13,General government,Total tax revenue,Percentage of GDP,Annual,2013,13.577
TTO,Trinidad and Tobago,Tax revenue,S13,General government,Total tax revenue,Percentage of GDP,Annual,2016,21.463
KHM,Cambodia,Tax revenue,S13,General government,Total tax revenue,Percentage of GDP,Annual,2013,9.915
AUT,Austria,Tax revenue,S13,General government,Total tax revenue,Percentage of GDP,Annual,2013,42.635
ISL,Iceland,Tax revenue,S13,General government,Total tax revenue,Percentage of GDP,Annual,2013,34.319
EGY,Egypt,Tax revenue,S13,General government,Total tax revenue,Percentage of GDP,Annual,2013,14.959
SWE,Sweden,Tax revenue,S13,General government,Total tax revenue,Percentage of GDP,Annual,2013,42.697
UKR,Ukraine,Tax revenue,S13,General government,Total tax revenue,Percentage of GDP,Annual,2013,34.981
VEN,Venezuela,Tax revenue,S13,General government,Total tax revenue,Percentage of GDP,Annual,2013,14.424
ITA,Italy,Tax revenue,S13,General government,Total tax revenue,Percentage of GDP,Annual,2013,43.828
BLZ,Belize,Tax revenue,S13,General government,Total tax revenue,Percentage of GDP,Annual,2013,19.976
MHL,Marshall Islands,Tax revenue,S13,General government,Total tax revenue,Percentage of GDP,Annual,2016,25.137
NOR,Norway,Tax revenue,S13,General government,Total tax revenue,Percentage of GDP,Annual,2013,39.719
MLI,Mali,Tax revenue,S13,General government,Total tax revenue,Percentage of GDP,Annual,2013,14.521
DEU,Germany,Tax revenue,S13,General government,Total tax revenue,Percentage of GDP,Annual,2013,37.675
JPN,Japan,Tax revenue,S13,General government,Total tax revenue,Percentage of GDP,Annual,2013,28.557
IDN,Indonesia,Tax revenue,S13,General government,Total tax revenue,Percentage of GDP,Annual,2013,12.495
VUT,Vanuatu,Tax revenue,S13,General government,Total tax revenue,Percentage of GDP,Annual,2013,18.201
LAO,Lao People’s Democratic Republic,Tax revenue,S13,General government,Total tax revenue,Percentage of GDP,Annual,2013,12.922
BRB,Barbados,Tax revenue,S13,General government,Total tax revenue,Percentage of GDP,Annual,2013,29.447
ESP,Spain,Tax revenue,S13,General government,Total tax revenue,Percentage of GDP,Annual,2013,33.105
PNG,Papua New Guinea,Tax revenue,S13,General government,Total tax revenue,Percentage of GDP,Annual,2013,18.388
LUX,Luxembourg,Tax revenue,S13,General government,Total tax revenue,Percentage of GDP,Annual,2013,36.183
COL,Colombia,Tax revenue,S13,General government,Total tax revenue,Percentage of GDP,Annual,2013,20.022
NRU,Nauru,Tax revenue,S13,General government,Total tax revenue,Percentage of GDP,Annual,2015,17.989
MEX,Mexico,Tax revenue,S13,General government,Total tax revenue,Percentage of GDP,Annual,2013,12.773
NIC,Nicaragua,Tax revenue,S13,General government,Total tax revenue,Percentage of GDP,Annual,2013,21.233
LTU,Lithuania,Tax revenue,S13,General government,Total tax revenue,Percentage of GDP,Annual,2013,26.905
TGO,Togo,Tax revenue,S13,General government,Total tax revenue,Percentage of GDP,Annual,2013,14.008
COK,Cook Islands,Tax revenue,S13,General government,Total tax revenue,Percentage of GDP,Annual,2019,26.078
BGR,Bulgaria,Tax revenue,S13,General government,Total tax revenue,Percentage of GDP,Annual,2013,28.132
GUY,Guyana,Tax revenue,S13,General government,Total tax revenue,Percentage of GDP,Annual,2013,16.433
ROU,Romania,Tax revenue,S13,General government,Total tax revenue,Percentage of GDP,Annual,2013,27.463
KGZ,Kyrgyzstan,Tax revenue,S13,General government,Total tax revenue,Percentage of GDP,Annual,2013,20.253
COD,Democratic Republic of the Congo,Tax revenue,S13,General government,Total tax revenue,Percentage of GDP,Annual,2013,9.562
A9,Latin America and the Caribbean,Tax revenue,S13,General government,Total tax revenue,Percentage of GDP,Annual,2013,20.714
CMR,Cameroon,Tax revenue,S13,General government,Total tax revenue,Percentage of GDP,Annual,2013,13.559
CHE,Switzerland,Tax revenue,S13,General government,Total tax revenue,Percentage of GDP,Annual,2013,26.246
POL,Poland,Tax revenue,S13,General government,Total tax revenue,Percentage of GDP,Annual,2013,32.395
LSO,Lesotho,Tax revenue,S13,General government,Total tax revenue,Percentage of GDP,Annual,2013,18.615
SOM,Somalia,Tax revenue,S13,General government,Total tax revenue,Percentage of GDP,Annual,2016,1.198
NER,Niger,Tax revenue,S13,General government,Total tax revenue,Percentage of GDP,Annual,2013,12.449
BRA,Brazil,Tax revenue,S13,General government,Total tax revenue,Percentage of GDP,Annual,2013,31.81
PAN,Panama,Tax revenue,S13,General government,Total tax revenue,Percentage of GDP,Annual,2013,16.777
CUB,Cuba,Tax revenue,S13,General government,Total tax revenue,Percentage of GDP,Annual,2013,36.519
BOL,Bolivia,Tax revenue,S13,General government,Total tax revenue,Percentage of GDP,Annual,2013,26.73
SYC,Seychelles,Tax revenue,S13,General government,Total tax revenue,Percentage of GDP,Annual,2013,29.28
FRA,France,Tax revenue,S13,General government,Total tax revenue,Percentage of GDP,Annual,2013,45.329
TKL,Tokelau,Tax revenue,S13,General government,Total tax revenue,Percentage of GDP,Annual,2013,16.216
PER,Peru,Tax revenue,S13,General government,Total tax revenue,Percentage of GDP,Annual,2013,18.827
EST,Estonia,Tax revenue,S13,General government,Total tax revenue,Percentage of GDP,Annual,2013,31.249
ARG,Argentina,Tax revenue,S13,General government,Total tax revenue,Percentage of GDP,Annual,2013,31.179
GIN,Guinea,Tax revenue,S13,General government,Total tax revenue,Percentage of GDP,Annual,2013,13.109
MNG,Mongolia,Tax revenue,S13,General government,Total tax revenue,Percentage of GDP,Annual,2013,23.486
MYS,Malaysia,Tax revenue,S13,General government,Total tax revenue,Percentage of GDP,Annual,2013,15.798
SVK,Slovak Republic,Tax revenue,S13,General government,Total tax revenue,Percentage of GDP,Annual,2019,34.534
TCD,Chad,Tax revenue,S13,General government,Total tax revenue,Percentage of GDP,Annual,2013,11.795
BTN,Bhutan,Tax revenue,S13,General government,Total tax revenue,Percentage of GDP,Annual,2013,13.258
ATG,Antigua and Barbuda,Tax revenue,S13,General government,Total tax revenue,Percentage of GDP,Annual,2013,20.933
GEO,Georgia,Tax revenue,S13,General government,Total tax revenue,Percentage of GDP,Annual,2016,24.518
GRC,Greece,Tax revenue,S13,General government,Total tax revenue,Percentage of GDP,Annual,2013,36.254
CHL,Chile,Tax revenue,S13,General government,Total tax revenue,Percentage of GDP,Annual,2013,19.939
BEL,Belgium,Tax revenue,S13,General government,Total tax revenue,Percentage of GDP,Annual,2013,45.033
HRV,Croatia,Tax revenue,S13,General government,Total tax revenue,Percentage of GDP,Annual,2013,37.038
GHA,Ghana,Tax revenue,S13,General government,Total tax revenue,Percentage of GDP,Annual,2013,11.278
SEN,Senegal,Tax revenue,S13,General government,Total tax revenue,Percentage of GDP,Annual,2013,15.405
BWA,Botswana,Tax revenue,S13,General government,Total tax revenue,Percentage of GDP,Annual,2013,15.345
USA,United States,Tax revenue,S13,General government,Total tax revenue,Percentage of GDP,Annual,2013,25.413
HUN,Hungary,Tax revenue,S13,General government,Total tax revenue,Percentage of GDP,Annual,2013,38.444
NGA,Nigeria,Tax revenue,S13,General government,Total tax revenue,Percentage of GDP,Annual,2013,8.333
SVN,Slovenia,Tax revenue,S13,General government,Total tax revenue,Percentage of GDP,Annual,2013,37.242
GNQ,Equatorial Guinea,Tax revenue,S13,General government,Total tax revenue,Percentage of GDP,Annual,2013,8.916
URY,Uruguay,Tax revenue,S13,General government,Total tax revenue,Percentage of GDP,Annual,2013,25.245
LVA,Latvia,Tax revenue,S13,General government,Total tax revenue,Percentage of GDP,Annual,2013,29.43
BFA,Burkina Faso,Tax revenue,S13,General government,Total tax revenue,Percentage of GDP,Annual,2013,15.869
ZMB,Zambia,Tax revenue,S13,General government,Total tax revenue,Percentage of GDP,Annual,2013,14.149
RWA,Rwanda,Tax revenue,S13,General government,Total tax revenue,Percentage of GDP,Annual,2013,15.032
WSM,Samoa,Tax revenue,S13,General government,Total tax revenue,Percentage of GDP,Annual,2016,22.91
ARM,Armenia,Tax revenue,S13,General government,Total tax revenue,Percentage of GDP,Annual,2013,21.939
THA,Thailand,Tax revenue,S13,General government,Total tax revenue,Percentage of GDP,Annual,2013,19.303
MRT,Mauritania,Tax revenue,S13,General government,Total tax revenue,Percentage of GDP,Annual,2013,13.337
CHN,China (People’s Republic of),Tax revenue,S13,General government,Total tax revenue,Percentage of GDP,Annual,2013,18.64
LKA,Sri Lanka,Tax revenue,S13,General government,Total tax revenue,Percentage of GDP,Annual,2013,10.274
HND,Honduras,Tax revenue,S13,General government,Total tax revenue,Percentage of GDP,Annual,2013,18.909
SLE,Sierra Leone,Tax revenue,S13,General government,Total tax revenue,Percentage of GDP,Annual,2013,8.336
MDG,Madagascar,Tax revenue,S13,General government,Total tax revenue,Percentage of GDP,Annual,2013,9.119
AUS,Australia,Tax revenue,S13,General government,Total tax revenue,Percentage of GDP,Annual,2013,26.955
